numUsuario,periodo,anio,lecturaActual,consumoMedidor,precio,importeConsumo,coutaFija,recargos,cooperacion,bonificaciones,sanciones,varios,totalPagar,fechaPAgo,notas,aviso,status
001,4,2019,140,13,4,52,0,50,0,0,0,0,102,2019-09-28,"pago recibo atrasado",,1
001,5,2019,153,13,4,52,0,0,0,0,0,0,52,2019-10-06,,,1
001,6,2019,165,12,4,48,0,0,0,0,0,0,48,NULL,,"Sin aviso",0
002,4,2019,947,11,4,44,0,0,0,0,0,0,44,2019-09-28,,,1
002,5,2019,966,19,4,76,0,0,0,0,0,0,76,2019-10-06,,,1
002,6,2019,977,11,4,44,0,0,0,0,0,0,44,NULL,,"Sin aviso",0
003,4,2019,5034,51,4,204,0,0,0,0,0,0,204,2019-09-21,,,1
003,5,2019,5095,61,4,244,0,0,0,0,0,0,244,2019-10-06,,,1
003,6,2019,5140,45,4,180,0,0,0,0,0,0,180,NULL,,"Sin aviso",0
004,4,2019,37,10,4,40,0,0,0,0,0,0,40,2019-09-21,,,1
004,5,2019,47,10,4,40,0,0,0,0,0,0,40,2019-10-06,,,1
004,6,2019,56,9,4,0,40,0,0,0,0,0,40,NULL,,"Sin aviso",0
005,4,2019,3489,43,4,172,0,0,0,0,0,0,172,2019-09-28,,,1
005,5,2019,3536,47,4,188,0,0,0,0,0,0,188,2019-10-06,,,1
005,6,2019,3579,43,4,172,0,0,0,0,0,0,172,NULL,,"Sin aviso",0
006,4,2019,4049,10,4,40,0,0,0,0,0,0,40,2019-09-21,,,1
006,5,2019,4061,12,4,48,0,0,0,0,0,0,48,2019-10-06,,,1
006,6,2019,4073,12,4,48,0,0,0,0,0,0,48,NULL,,"Sin aviso",0
007,4,2019,1319,15,4,60,0,50,0,0,0,0,110,2019-09-28,"pago recibo atrasado",,1
007,5,2019,1330,11,4,44,0,0,0,0,50,0,94,2019-10-06,,,1
007,6,2019,1341,11,4,44,0,0,0,0,0,0,44,NULL,,"Sin aviso",0
008,4,2019,8498,32,4,128,0,0,0,0,0,0,128,2019-09-28,,,1
008,5,2019,8536,38,4,152,0,0,0,0,0,0,152,2019-10-06,,,1
008,6,2019,8562,26,4,104,0,0,0,0,0,0,104,NULL,,"Sin aviso",0
009,4,2019,709,17,4,68,0,0,0,0,0,0,68,2019-09-28,,,1
009,5,2019,730,21,4,84,0,0,0,0,0,0,84,2019-10-06,,,1
009,6,2019,768,38,4,152,0,0,0,0,0,0,152,NULL,,"Sin aviso",0
010,4,2019,989,83,4,332,0,0,0,0,0,0,332,2019-09-28,,,1
010,5,2019,73,73,4,292,0,0,0,0,50,0,342,2019-10-06,"FALTO REUNION 14 SEPT",,1
010,6,2019,86,13,4,52,0,0,0,0,0,0,52,NULL,,"Sin aviso",0
011,4,2019,571,20,4,80,0,0,0,0,0,0,80,2019-09-21,,,1
011,5,2019,591,20,4,80,0,0,0,0,50,0,130,2019-10-06,,,1
011,6,2019,608,17,4,68,0,0,0,0,0,0,68,NULL,,"Sin aviso",0
012,4,2019,434,27,4,108,0,0,0,0,0,0,108,2019-09-28,,,1
012,5,2019,456,22,4,88,0,0,0,0,0,0,88,2019-10-06,,,1
012,6,2019,476,20,4,80,0,0,0,0,0,0,80,NULL,,"Sin aviso",0
013,4,2019,2031,9,4,0,40,0,0,0,0,0,40,2019-09-21,,,1
013,5,2019,2044,13,4,52,0,0,0,0,0,0,52,2019-10-06,,,1
013,6,2019,2050,6,4,0,40,0,0,0,0,0,40,NULL,,"Sin aviso",0
014,4,2019,2924,28,4,112,0,0,0,0,0,0,112,2019-09-21,,,1
014,5,2019,2954,30,4,120,0,0,0,0,0,0,120,2019-10-06,,,1
014,6,2019,2980,26,4,104,40,0,0,0,0,0,144,NULL,,"Sin aviso",0
015,4,2019,1032,32,4,128,0,0,0,0,0,0,128,2019-09-28,,,1
015,5,2019,1068,36,4,144,0,0,0,0,50,0,194,2019-10-06,"FALTO REUNION 14 SEPT",,1
015,6,2019,1101,33,4,132,40,0,0,0,0,0,172,NULL,,"Sin aviso",0
016,4,2019,1761,67,4,268,0,0,0,0,0,0,268,2019-09-28,,,1
016,5,2019,1835,74,4,296,0,0,0,0,50,0,346,2019-10-06,"FALTO REUNION 14 SEPT",,1
016,6,2019,1906,71,4,284,40,0,0,0,0,0,324,NULL,,"Sin aviso",0
017,4,2019,4360,82,4,328,0,0,0,0,0,0,328,2019-09-28,,,1
017,5,2019,4430,70,4,280,0,0,0,0,0,0,280,2019-10-06,,,1
017,6,2019,4483,53,4,212,40,0,0,0,0,0,252,NULL,,"Sin aviso",0
018,4,2019,2358,21,4,84,0,0,0,0,0,0,84,2019-09-21,,,1
018,5,2019,2379,21,4,84,0,0,0,0,0,0,84,2019-10-06,,,1
018,6,2019,2392,13,4,52,40,0,0,0,0,0,92,NULL,,"Sin aviso",0
019,4,2019,641,35,4,140,0,0,0,0,0,0,140,2019-09-28,,,1
019,5,2019,682,41,4,164,0,0,0,0,0,0,164,2019-10-06,,,1
019,6,2019,721,39,4,156,40,0,0,0,0,0,196,NULL,,"Sin aviso",0
020,4,2019,1318,2,4,0,40,50,0,0,0,0,90,2019-09-28,"pago recibo atrasado",,1
020,5,2019,1321,3,4,0,40,0,0,0,0,0,40,2019-10-06,,,1
020,6,2019,1325,4,4,0,40,0,0,0,0,0,40,NULL,,"Sin aviso",0
021,4,2019,321,10,4,40,0,0,0,0,0,0,40,2019-09-28,,,1
021,5,2019,338,17,4,68,0,0,0,0,0,0,68,2019-10-06,,,1
021,6,2019,345,7,4,0,40,0,0,0,0,0,40,NULL,,"Sin aviso",0
022,4,2019,5616,25,4,100,0,0,0,0,0,0,100,2019-09-21,,,1
022,5,2019,5638,22,4,88,0,0,0,0,0,0,88,2019-10-06,,,1
022,6,2019,5658,20,4,80,40,0,0,0,0,0,120,NULL,,"Sin aviso",0
023,4,2019,0,0,4,0,40,50,0,0,0,0,90,2019-09-28,"pago recibo atrasado",,1
024,4,2019,0,0,4,0,40,50,0,0,0,0,90,2019-09-28,"pago recibo atrasado",,1
025,4,2019,2650,12,4,48,0,0,0,0,0,0,48,2019-09-28,,,1
025,5,2019,2663,13,4,52,0,0,0,0,0,0,52,2019-10-06,,,1
025,6,2019,2690,27,4,108,40,0,0,0,0,0,148,NULL,,"Sin aviso",0
026,4,2019,739,13,4,52,0,0,0,0,0,0,52,2019-09-28,,,1
026,5,2019,753,14,4,56,0,0,0,0,0,0,56,2019-10-06,,,1
026,6,2019,767,14,4,56,40,0,0,0,0,0,96,NULL,,"Sin aviso",0
027,4,2019,281,4,4,0,40,0,0,0,0,0,40,2019-09-21,,,1
027,5,2019,290,9,4,0,40,0,0,0,0,0,40,2019-10-06,,,1
027,6,2019,296,6,4,0,40,0,0,0,0,0,40,NULL,,"Sin aviso",0
028,4,2019,2268,4,4,0,40,50,0,0,0,0,90,2019-09-28,"pago recibo atrasado",,1
028,5,2019,2288,20,4,80,0,0,0,0,0,0,80,2019-10-06,,,1
028,6,2019,2305,17,4,68,40,0,0,0,0,0,108,NULL,,"Sin aviso",0
029,4,2019,285,5,4,0,40,0,0,0,0,0,40,2019-09-28,,,1
029,5,2019,292,7,4,0,40,0,0,0,0,0,40,2019-10-06,,,1
029,6,2019,296,4,4,0,40,0,0,0,0,0,40,NULL,,"Sin aviso",0
030,4,2019,4729,42,4,0,0,0,0,0,0,0,0,2019-11-11,,,1
030,5,2019,4773,44,4,176,0,0,0,0,0,0,176,2019-11-16,,"Sin aviso",1
030,6,2019,4805,32,4,128,40,0,0,0,0,0,168,NULL,,"Sin aviso",0
031,4,2019,2296,14,4,56,0,0,0,0,0,0,56,2019-09-28,,,1
031,5,2019,2341,45,4,180,0,0,0,0,0,0,180,2019-10-06,,,1
031,6,2019,2380,39,4,156,40,0,0,0,0,0,196,NULL,,"Sin aviso",0
032,4,2019,2743,7,4,0,40,0,0,0,0,0,40,2019-09-28,,,1
032,5,2019,2751,8,4,0,40,0,0,0,0,0,40,2019-10-06,,,1
032,6,2019,2757,6,4,0,40,0,0,0,0,0,40,NULL,,"Sin aviso",0
033,4,2019,2135,15,4,60,0,0,0,0,0,0,60,2019-09-28,,,1
033,5,2019,2153,18,4,72,0,0,0,0,0,0,72,2019-10-06,,,1
033,6,2019,2163,10,4,0,40,0,0,0,0,0,40,NULL,,"Sin aviso",0
034,4,2019,861,41,4,164,0,0,0,0,0,0,164,2019-09-28,,,1
034,5,2019,906,45,4,180,0,0,0,0,0,0,180,2019-10-06,,,1
034,6,2019,940,34,4,136,40,0,0,0,0,0,176,NULL,,"Sin aviso",0
035,4,2019,3122,39,4,156,0,0,0,0,0,0,156,2019-09-21,,,1
035,5,2019,3166,44,4,176,0,0,0,0,0,0,176,2019-10-06,,,1
035,6,2019,3205,39,4,156,40,0,0,0,0,0,196,NULL,,"Sin aviso",0
036,4,2019,140,15,4,60,0,0,0,0,0,0,60,2019-09-21,,,1
036,5,2019,156,16,4,64,0,0,0,0,0,0,64,2019-10-06,,,1
036,6,2019,170,14,4,56,40,0,0,0,0,0,96,NULL,,"Sin aviso",0
037,4,2019,721,21,4,84,0,0,0,0,0,0,84,2019-09-28,,,1
037,5,2019,743,22,4,88,0,0,0,0,0,0,88,2019-10-06,,,1
037,6,2019,759,16,4,64,40,0,0,0,0,0,104,NULL,,"Sin aviso",0
038,4,2019,712,1,4,0,40,0,0,0,0,0,40,2019-09-21,,,1
038,5,2019,712,0,4,0,40,0,0,0,0,0,40,2019-10-06,,,1
038,6,2019,712,0,4,0,40,0,0,0,0,0,40,NULL,,"Sin aviso",0
039,4,2019,220,17,4,68,0,0,0,0,0,0,68,2019-09-28,,,1
039,5,2019,246,26,4,104,0,0,0,0,0,0,104,2019-10-06,,,1
039,6,2019,261,15,4,60,40,0,0,0,0,0,100,NULL,,"Sin aviso",0
040,4,2019,0,0,4,0,40,0,0,0,0,0,40,2019-09-28,,,1
040,5,2019,0,0,4,0,40,0,0,0,0,0,40,2019-10-06,,,1
041,4,2019,588,11,4,44,0,0,0,0,0,0,44,2019-09-28,,,1
041,5,2019,600,12,4,48,0,0,0,0,0,0,48,2019-10-06,,,1
041,6,2019,609,9,4,0,40,0,0,0,0,0,40,NULL,,"Sin aviso",0
042,4,2019,1095,6,4,0,40,0,0,0,0,0,40,2019-09-21,,,1
042,5,2019,1098,3,4,0,40,0,0,0,0,0,40,2019-10-06,,,1
042,6,2019,1102,4,4,0,40,0,0,0,0,0,40,NULL,,"Sin aviso",0
043,4,2019,1884,29,4,116,0,0,0,0,0,0,116,2019-09-28,,,1
043,5,2019,1915,31,4,124,0,0,0,0,0,0,124,2019-10-06,,,1
043,6,2019,1950,35,4,140,40,0,0,0,0,0,180,NULL,,"Sin aviso",0
044,4,2019,1205,12,4,48,0,0,0,0,0,0,48,2019-09-28,,,1
044,5,2019,1229,24,4,96,0,0,0,0,0,0,96,2019-10-06,,,1
044,6,2019,1238,9,4,0,40,0,0,0,0,0,40,NULL,,"Sin aviso",0
045,4,2019,1890,4,4,0,40,0,0,0,0,0,40,2019-09-28,,,1
045,5,2019,1893,3,4,0,40,0,0,0,0,0,40,2019-10-06,,,1
045,6,2019,1896,3,4,0,40,0,0,0,0,0,40,NULL,,"Sin aviso",0
046,4,2019,631,3,4,0,40,0,0,0,0,0,40,2019-09-28,,,1
046,5,2019,631,0,4,0,40,0,0,0,0,0,40,2019-10-06,,,1
046,6,2019,631,0,4,0,40,0,0,0,0,0,40,NULL,,"Sin aviso",0
047,4,2019,2774,31,4,124,0,0,0,0,0,0,124,2019-09-21,,,1
047,5,2019,2816,42,4,168,0,0,0,0,0,0,168,2019-10-06,,,1
047,6,2019,2848,32,4,128,40,0,0,0,0,0,168,NULL,,"Sin aviso",0
048,4,2019,1666,63,4,252,0,0,0,0,0,0,252,2019-09-28,,,1
048,5,2019,1729,63,4,252,0,0,0,0,0,0,252,2019-10-06,,,1
048,6,2019,1778,49,4,196,40,0,0,0,0,0,236,NULL,,"Sin aviso",0
049,4,2019,311,33,4,132,0,0,0,0,0,0,132,2019-09-21,,,1
049,5,2019,366,55,4,220,0,0,0,0,0,0,220,2019-10-06,,,1
049,6,2019,403,37,4,148,40,0,0,0,0,0,188,NULL,,"Sin aviso",0
050,4,2019,3563,49,4,196,0,0,0,0,0,0,196,2019-09-21,,,1
050,5,2019,3621,58,4,232,0,0,0,0,0,0,232,2019-10-06,,,1
050,6,2019,3667,46,4,184,40,0,0,0,0,0,224,NULL,,"Sin aviso",0
051,4,2019,1579,22,4,88,0,0,0,0,0,0,88,2019-09-28,,,1
051,5,2019,1609,30,4,120,0,0,0,0,0,0,120,2019-10-06,,,1
051,6,2019,1629,20,4,80,40,0,0,0,0,0,120,NULL,,"Sin aviso",0
052,4,2019,430,21,4,84,0,0,0,0,0,0,84,2019-09-21,,,1
052,5,2019,461,31,4,124,0,0,0,0,0,0,124,2019-10-06,,,1
052,6,2019,479,18,4,72,40,0,0,0,0,0,112,NULL,,"Sin aviso",0
053,4,2019,428,24,4,96,0,0,0,0,0,0,96,2019-09-21,,,1
053,5,2019,473,45,4,180,0,0,0,0,0,0,180,2019-10-06,,,1
053,6,2019,495,22,4,88,40,0,0,0,0,0,128,NULL,,"Sin aviso",0
054,4,2019,1333,10,4,40,0,0,0,0,0,0,40,2019-09-21,,,1
054,5,2019,1342,9,4,0,40,0,0,0,0,0,40,2019-10-06,,,1
054,6,2019,1348,6,4,0,40,0,0,0,0,0,40,NULL,,"Sin aviso",0
055,4,2019,2766,28,4,112,0,0,0,0,0,0,112,2019-09-21,,,1
055,5,2019,2797,31,4,124,0,0,0,0,0,0,124,2019-10-06,,,1
055,6,2019,2823,26,4,104,40,0,0,0,0,0,144,NULL,,"Sin aviso",0
056,4,2019,2370,32,4,128,0,0,0,0,0,0,128,2019-09-21,,,1
056,5,2019,2397,27,4,108,0,0,0,0,0,0,108,2019-10-06,,,1
056,6,2019,2414,17,4,68,40,0,0,0,0,0,108,NULL,,"Sin aviso",0
057,4,2019,9656,9,4,0,40,0,0,0,0,0,40,2019-09-21,,,1
057,5,2019,9667,11,4,44,0,0,0,0,0,0,44,2019-10-06,,,1
057,6,2019,9675,8,4,0,40,0,0,0,0,0,40,NULL,,"Sin aviso",0
058,4,2019,3193,18,4,72,0,0,0,0,0,0,72,2019-09-28,,,1
058,5,2019,3214,21,4,84,0,0,0,0,0,0,84,2019-10-06,,,1
058,6,2019,3232,18,4,72,40,0,0,0,0,0,112,NULL,,"Sin aviso",0
059,4,2019,1443,46,4,184,0,0,0,0,0,0,184,2019-09-21,,,1
059,5,2019,1484,41,4,164,0,0,0,0,0,0,164,2019-10-06,,,1
059,6,2019,1513,29,4,116,40,0,0,0,0,0,156,NULL,,"Sin aviso",0
"060 ",4,2019,528,22,4,88,0,0,0,0,0,0,88,2019-09-21,,,1
"060 ",5,2019,553,25,4,100,0,0,0,0,0,0,100,2019-10-06,,,1
060,6,2019,573,20,4,80,40,0,0,0,0,0,120,2019-11-16,,"Sin aviso",1
061,4,2019,686,0,4,0,40,0,0,0,0,0,40,2019-09-21,,,1
061,5,2019,686,0,4,0,40,0,0,0,0,0,40,2019-10-06,,,1
061,6,2019,687,1,4,0,40,0,0,0,0,0,40,NULL,,"Sin aviso",0
062,4,2019,1572,8,4,0,40,0,0,0,0,0,40,2019-09-21,,,1
062,5,2019,1581,9,4,0,40,0,0,0,50,0,90,2019-10-06,"FALTO REUNION 14 SEPT",,1
062,6,2019,1590,9,4,0,40,0,0,0,0,0,40,NULL,,"Sin aviso",0
063,4,2019,368,18,4,72,0,0,0,0,0,0,72,2019-09-21,,,1
063,5,2019,389,21,4,84,0,0,0,0,50,0,134,2019-10-06,"FALTO REUNION 14 SEPT",,1
063,6,2019,407,18,4,72,40,0,0,0,0,0,112,NULL,,"Sin aviso",0
064,4,2019,1403,8,4,0,40,0,0,0,0,0,40,2019-09-21,,,1
064,5,2019,1417,14,4,56,0,0,0,0,50,0,106,2019-10-06,"FALTO REUNION 14 SEPT",,1
064,6,2019,1433,16,4,64,0,0,0,0,0,0,64,NULL,,"Sin aviso",0
065,4,2019,3636,38,4,152,0,0,0,0,0,0,152,2019-09-28,,,1
065,5,2019,3679,43,4,172,0,0,0,0,0,0,172,2019-10-06,,,1
065,6,2019,3715,36,4,144,0,0,0,0,0,0,144,NULL,,"Sin aviso",0
066,4,2019,227,24,4,96,0,0,0,0,0,0,96,2019-09-21,,,1
066,5,2019,251,24,4,96,0,0,0,0,50,0,146,2019-10-06,"FALTO REUNION 14 SEPT",,1
066,6,2019,267,16,4,64,0,0,0,0,0,0,64,2019-11-16,,"Sin aviso",1
067,4,2019,299,9,4,0,40,0,0,0,0,0,40,2019-09-21,,,1
067,5,2019,315,16,4,64,0,0,0,0,0,0,64,2019-10-06,,,1
067,6,2019,322,7,4,0,40,0,0,0,0,0,40,NULL,,"Sin aviso",0
068,4,2019,2850,16,4,64,0,0,0,0,0,0,64,2019-09-21,,,1
068,5,2019,2867,17,4,68,0,0,0,0,50,0,118,2019-10-06,"FALTO REUNION 14 SEPT",,1
068,6,2019,2884,17,4,68,40,0,0,0,0,0,108,NULL,,"Sin aviso",0
069,4,2019,2750,6,4,0,40,0,0,0,0,0,40,2019-09-21,,,1
069,5,2019,2757,7,4,0,40,0,0,0,0,0,40,2019-10-06,,,1
069,6,2019,2762,5,4,0,40,0,0,0,0,0,40,NULL,,"Sin aviso",0
070,4,2019,1577,27,4,108,0,0,0,0,0,0,108,2019-09-28,,,1
070,5,2019,1616,39,4,156,0,0,0,0,0,0,156,2019-10-06,,,1
071,4,2019,2915,21,4,84,0,0,0,0,0,0,84,2019-09-28,,,1
071,5,2019,2934,19,4,76,0,0,0,0,0,0,76,2019-10-06,,,1
072,4,2019,1516,7,4,0,40,0,0,0,0,0,40,2019-09-21,,,1
072,5,2019,1528,12,4,48,0,0,0,0,50,0,98,2019-10-06,,,1
072,6,2019,1544,16,4,64,40,0,0,0,0,0,104,NULL,,"Sin aviso",0
073,4,2019,2371,23,4,92,0,0,0,0,0,0,92,2019-09-28,,,1
073,5,2019,2410,39,4,156,0,0,0,0,0,0,156,2019-10-06,,,1
073,6,2019,2430,20,4,80,40,0,0,0,0,0,120,NULL,,"Sin aviso",0
074,4,2019,1709,32,4,128,0,0,0,0,0,0,128,2019-09-21,,,1
074,5,2019,1753,44,4,176,0,0,0,0,0,0,176,2019-10-06,,,1
074,6,2019,1794,41,4,164,40,0,0,0,0,0,204,NULL,,"Sin aviso",0
075,4,2019,462,3,4,0,40,0,0,0,0,0,40,2019-09-21,,,1
075,5,2019,467,5,4,0,40,0,0,0,0,0,40,2019-10-06,,,1
075,6,2019,472,5,4,0,40,0,0,0,0,0,40,NULL,,"Sin aviso",0
076,4,2019,6409,216,4,864,0,0,0,0,0,0,864,2019-09-28,,,1
076,5,2019,6616,207,4,828,0,0,0,0,50,0,878,2019-10-06,"FALTO REUNION 14 SEPT",,1
076,6,2019,6787,171,4,684,40,0,0,0,0,0,724,NULL,,"Sin aviso",0
077,4,2019,665,0,4,0,40,0,0,0,0,0,40,2019-09-28,,,1
077,5,2019,665,0,4,0,40,0,0,0,0,0,40,2019-10-06,,,1
077,6,2019,665,0,4,0,40,0,0,0,0,0,40,NULL,,"Sin aviso",0
078,4,2019,424,7,4,0,40,0,0,0,0,0,40,2019-09-28,,,1
078,5,2019,431,0,4,0,40,0,0,0,0,0,40,2019-10-06,,,1
078,6,2019,439,8,4,0,40,0,0,0,0,0,40,NULL,,"Sin aviso",0
079,4,2019,3945,40,4,160,0,0,0,0,0,0,160,2019-09-28,,,1
079,5,2019,3991,46,4,184,0,0,0,0,0,0,184,2019-10-06,,,1
079,6,2019,4023,32,4,128,40,0,0,0,0,0,168,NULL,,"Sin aviso",0
080,4,2019,5276,21,4,84,0,0,0,0,0,0,84,2019-09-21,,,1
080,5,2019,5296,20,4,80,0,0,0,0,0,0,80,2019-10-06,,,1
080,6,2019,5308,12,4,48,40,0,0,0,0,0,88,NULL,,"Sin aviso",0
081,4,2019,1719,7,4,0,40,0,0,0,0,0,40,2019-09-28,,,1
081,5,2019,1723,4,4,0,40,0,0,0,0,0,40,2019-10-06,,,1
081,6,2019,1727,4,4,0,40,0,0,0,0,0,40,NULL,,"Sin aviso",0
082,4,2019,117,4,4,0,40,50,0,0,0,0,90,2019-09-28,"pago recibo atrasado",,1
082,5,2019,126,9,4,0,40,0,0,0,0,0,40,2019-10-06,,,1
082,6,2019,149,23,4,92,40,0,0,0,0,0,132,NULL,,"Sin aviso",0
083,4,2019,2697,23,4,92,0,0,0,0,0,0,92,2019-09-28,,,1
083,5,2019,2725,28,4,112,0,0,0,0,0,0,112,2019-10-06,,,1
083,6,2019,2745,20,4,80,40,0,0,0,0,0,120,NULL,,"Sin aviso",0
"084 ",4,2019,328,8,4,0,40,0,0,0,0,0,40,2019-09-21,,,1
"084 ",5,2019,340,12,4,48,0,0,0,0,0,0,48,2019-10-06,,,1
084,6,2019,345,5,4,0,40,0,0,0,0,0,40,NULL,,"Sin aviso",0
085,4,2019,563,18,4,72,0,0,0,0,0,0,72,2019-09-28,,,1
085,5,2019,588,25,4,100,0,0,0,0,0,0,100,NULL,,"Sin aviso",0
085,6,2019,604,16,4,64,40,0,0,0,0,0,104,NULL,,"Sin aviso",0
086,4,2019,803,39,4,156,0,0,0,0,0,0,156,2019-09-28,,,1
086,5,2019,853,50,4,200,0,0,0,0,0,0,200,2019-10-06,,,1
086,6,2019,874,21,4,84,40,0,0,0,0,0,124,NULL,,"Sin aviso",0
087,4,2019,265,1,4,0,40,0,0,0,0,0,40,2019-09-21,,,1
087,5,2019,269,4,4,0,40,0,0,0,0,0,40,2019-10-06,,,1
087,6,2019,272,3,4,0,40,0,0,0,0,0,40,NULL,,"Sin aviso",0
088,4,2019,1466,14,4,56,0,0,0,0,0,0,56,2019-09-28,,,1
088,5,2019,1485,19,4,76,0,0,0,0,0,0,76,2019-10-06,,,1
088,6,2019,1500,15,4,60,40,0,0,0,0,0,100,NULL,,"Sin aviso",0
089,4,2019,93,19,4,76,0,0,0,0,0,0,76,2019-09-28,,,1
089,5,2019,114,21,4,84,0,0,0,0,0,0,84,2019-10-06,,,1
089,6,2019,132,18,4,72,40,0,0,0,0,0,112,NULL,,"Sin aviso",0
090,4,2019,245,5,4,0,40,0,0,0,0,0,40,2019-09-21,,,1
090,5,2019,247,2,4,0,40,0,0,0,0,0,40,2019-10-06,,,1
090,6,2019,250,3,4,0,40,0,0,0,0,0,40,NULL,,"Sin aviso",0
091,4,2019,27,5,4,0,40,0,0,0,0,0,40,2019-09-28,,,1
091,5,2019,31,4,4,0,40,0,0,0,0,0,40,2019-10-06,,,1
091,6,2019,35,4,4,0,40,0,0,0,0,0,40,NULL,,"Sin aviso",0
092,4,2019,2173,24,4,96,0,0,0,0,0,0,96,2019-09-21,,,1
092,5,2019,2202,29,4,116,0,0,0,0,0,0,116,2019-10-06,,,1
092,6,2019,2225,23,4,92,40,0,0,0,0,0,132,NULL,,"Sin aviso",0
093,4,2019,1916,12,4,48,0,0,0,0,0,0,48,2019-09-21,,,1
093,5,2019,1929,13,4,52,0,0,0,0,0,0,52,2019-10-06,,,1
093,6,2019,1937,8,4,0,40,0,0,0,0,0,40,NULL,,"Sin aviso",0
094,4,2019,1495,11,4,44,0,0,0,0,0,0,44,2019-09-28,,,1
094,5,2019,1510,15,4,60,0,0,0,0,0,0,60,2019-10-06,,,1
094,6,2019,1525,15,4,60,40,0,0,0,0,0,100,2019-11-16,,"Sin aviso",1
095,4,2019,589,7,4,0,40,0,0,0,0,0,40,2019-09-21,,,1
095,5,2019,598,9,4,0,40,0,0,0,50,0,90,2019-10-06,"FALTO REUNION 14 SEPT",,1
095,6,2019,601,3,4,0,40,0,0,0,0,0,40,NULL,,"Sin aviso",0
096,4,2019,1324,26,4,104,0,50,0,0,0,0,154,2019-09-28,"pago recibo atrasado",,1
096,5,2019,1358,34,4,136,0,0,0,0,0,0,136,2019-10-06,,,1
096,6,2019,1382,24,4,96,40,0,0,0,0,0,136,NULL,,"Sin aviso",0
097,4,2019,1376,16,4,64,0,0,0,0,0,0,64,2019-09-28,,,1
097,5,2019,1389,13,4,52,0,0,0,0,50,0,102,2019-10-06,"FALTO REUNION 14 SEPT",,1
097,6,2019,1391,2,4,0,40,0,0,0,0,0,40,NULL,,"Sin aviso",0
098,4,2019,0,0,4,0,40,0,0,0,0,0,40,2019-09-28,,,1
098,5,2019,0,0,4,0,40,0,0,0,0,0,40,2019-10-06,,,1
099,4,2019,951,20,4,80,0,0,0,0,0,0,80,2019-09-21,,,1
099,5,2019,962,11,4,44,0,0,0,0,0,0,44,NULL,,"Sin aviso",0
099,6,2019,964,2,4,0,40,0,0,0,0,0,40,NULL,,"Sin aviso",0
100,4,2019,4694,23,4,92,0,0,0,0,0,0,92,2019-09-28,,,1
100,5,2019,4726,32,4,128,0,0,0,0,0,0,128,2019-10-06,,,1
100,6,2019,4749,23,4,92,40,0,0,0,0,0,132,NULL,,"Sin aviso",0
101,4,2019,1098,57,4,228,0,0,0,0,0,0,228,2019-09-28,,,1
101,5,2019,1159,61,4,244,0,0,0,0,0,0,244,2019-10-06,,,1
101,6,2019,1205,46,4,184,40,0,0,0,0,0,224,NULL,,"Sin aviso",0
102,4,2019,3592,50,4,200,0,0,0,0,0,0,200,2019-09-28,,,1
102,5,2019,3638,46,4,184,0,0,0,0,0,0,184,2019-10-06,,,1
102,6,2019,3687,49,4,196,40,0,0,0,0,0,236,NULL,,"Sin aviso",0
103,4,2019,5498,19,4,76,0,0,0,0,0,0,76,2019-09-21,,,1
103,5,2019,5518,20,4,80,0,0,0,0,0,0,80,2019-10-06,,,1
103,6,2019,5534,16,4,64,40,0,0,0,0,0,104,NULL,,"Sin aviso",0
104,4,2019,0,0,4,0,40,0,0,0,0,0,40,2019-09-21,,,1
104,5,2019,0,0,4,0,40,0,0,0,0,0,40,2019-10-06,,,1
105,4,2019,989,34,4,136,0,0,0,0,0,0,136,2019-09-28,,,1
105,5,2019,1029,40,4,160,0,0,0,0,0,0,160,2019-10-06,,,1
105,6,2019,1058,29,4,116,40,0,0,0,0,0,156,NULL,,"Sin aviso",0
106,4,2019,1121,20,4,80,0,0,0,0,0,0,80,2019-09-21,,,1
106,5,2019,1145,24,4,96,0,0,0,0,0,0,96,2019-10-06,,,1
106,6,2019,1163,18,4,72,40,0,0,0,0,0,112,NULL,,"Sin aviso",0
107,4,2019,2186,16,4,64,0,50,0,0,0,0,114,2019-09-28,"pago recibo atrasado",,1
107,5,2019,2214,28,4,112,0,0,0,0,50,0,162,2019-10-06,,,1
107,6,2019,2241,27,4,108,40,0,0,0,0,0,148,NULL,,"Sin aviso",0
108,4,2019,1463,28,4,112,0,50,0,0,0,0,162,2019-09-28,"pago recibo atrasado",,1
108,5,2019,1502,39,4,156,0,0,0,0,0,0,156,2019-10-06,,,1
108,6,2019,1533,31,4,124,40,0,0,0,0,0,164,NULL,,"Sin aviso",0
109,4,2019,2531,14,4,56,0,50,0,0,0,0,106,2019-09-28,"pago recibo atrasado",,1
109,5,2019,2541,10,4,40,0,0,0,0,0,0,40,2019-10-06,,,1
109,6,2019,2549,8,4,0,40,0,0,0,0,0,40,NULL,,"Sin aviso",0
110,4,2019,95,24,4,96,0,50,0,0,0,0,146,2019-09-28,"pago recibo atrasado",,1
110,5,2019,132,37,4,148,0,0,0,0,0,0,148,2019-10-06,,,1
110,6,2019,147,15,4,60,40,0,0,0,0,0,100,NULL,,"Sin aviso",0
111,4,2019,2730,9,4,0,40,0,0,0,0,0,40,2019-09-28,,,1
111,5,2019,2742,12,4,48,0,0,0,0,0,0,48,2019-10-06,,,1
111,6,2019,2753,11,4,44,40,0,0,0,0,0,84,NULL,,"Sin aviso",0
112,4,2019,1156,2,4,0,40,0,0,0,0,0,40,2019-09-21,,,1
112,5,2019,1159,3,4,0,40,0,0,0,0,0,40,2019-10-06,,,1
112,6,2019,1161,2,4,0,40,0,0,0,0,0,40,NULL,,"Sin aviso",0
113,4,2019,234,4,4,0,40,0,0,0,0,0,40,2019-09-21,,,1
113,5,2019,240,6,4,0,40,0,0,0,0,0,40,2019-10-06,,,1
113,6,2019,241,1,4,0,40,0,0,0,0,0,40,NULL,,"Sin aviso",0
114,4,2019,5315,66,4,264,0,0,0,0,0,0,264,2019-09-28,,,1
114,5,2019,5360,45,4,180,0,0,0,0,0,0,180,2019-10-06,,,1
114,6,2019,5398,38,4,152,40,0,0,0,0,0,192,NULL,,"Sin aviso",0
115,4,2019,4523,19,4,76,0,0,0,0,0,0,76,2019-09-28,,,1
115,5,2019,4546,23,4,92,0,0,0,0,0,0,92,2019-10-06,,,1
115,6,2019,4561,15,4,60,40,0,0,0,0,0,100,NULL,,"Sin aviso",0
116,4,2019,761,6,4,0,40,0,0,0,0,0,40,2019-09-28,,,1
116,5,2019,770,9,4,0,40,0,0,0,0,0,40,2019-10-06,,,1
116,6,2019,772,2,4,0,40,0,0,0,0,0,40,NULL,,"Sin aviso",0
117,4,2019,1646,14,4,56,0,0,0,0,0,0,56,2019-09-21,,,1
117,5,2019,1672,26,4,104,0,0,0,0,0,0,104,2019-10-06,,,1
117,6,2019,1683,11,4,44,40,0,0,0,0,0,84,NULL,,"Sin aviso",0
118,4,2019,2958,19,4,0,0,0,0,0,0,0,0,2019-11-11,,,1
118,5,2019,3000,42,4,168,0,0,0,0,0,0,168,2019-11-16,,"Sin aviso",1
118,6,2019,3003,3,4,0,40,0,0,0,0,0,40,NULL,,"Sin aviso",0
119,4,2019,1712,6,4,0,40,0,0,0,0,0,40,2019-09-21,,,1
119,5,2019,1717,5,4,0,40,0,0,0,0,0,40,2019-10-06,,,1
119,6,2019,1722,5,4,0,40,0,0,0,0,0,40,NULL,,"Sin aviso",0
120,4,2019,0,0,4,0,40,0,0,0,0,0,40,2019-09-21,,,1
120,5,2019,0,0,4,0,40,0,0,0,0,0,40,2019-10-06,,,1
120,6,2019,0,0,4,0,40,0,0,0,0,0,40,NULL,,"Sin aviso",0
121,4,2019,4054,40,4,160,0,0,0,0,0,0,160,2019-09-28,,,1
121,5,2019,4095,41,4,164,0,0,0,0,0,0,164,2019-10-06,,,1
121,6,2019,4124,29,4,116,40,0,0,0,0,0,156,NULL,,"Sin aviso",0
122,4,2019,3543,31,4,124,0,0,0,0,0,0,124,2019-09-21,,,1
122,5,2019,3584,41,4,164,0,0,0,0,0,0,164,2019-10-06,,,1
122,6,2019,3615,31,4,124,40,0,0,0,0,0,164,NULL,,"Sin aviso",0
123,4,2019,6470,12,4,48,0,0,0,0,0,0,48,2019-09-28,,,1
123,5,2019,6490,20,4,80,0,0,0,0,0,0,80,2019-10-06,,,1
123,6,2019,6503,13,4,52,40,0,0,0,0,0,92,NULL,,"Sin aviso",0
124,4,2019,293,20,4,80,0,0,0,0,0,0,80,2019-09-28,,,1
124,5,2019,324,31,4,124,0,0,0,0,0,0,124,2019-10-06,,,1
124,6,2019,351,27,4,108,40,0,0,0,0,0,148,NULL,,"Sin aviso",0
125,4,2019,0,0,4,0,40,50,0,0,0,0,90,2019-09-28,"pago recibo atrasado",,0
126,4,2019,3492,31,4,124,0,0,0,0,0,0,124,2019-09-28,,,1
126,5,2019,3524,32,4,128,0,0,0,0,0,0,128,2019-10-06,,,1
126,6,2019,3553,29,4,116,40,0,0,0,0,0,156,NULL,,"Sin aviso",0
127,4,2019,2572,6,4,0,40,0,0,0,0,0,40,2019-09-28,,,1
127,5,2019,2582,10,4,40,0,0,0,0,0,0,40,2019-10-06,,,1
127,6,2019,2588,6,4,0,40,0,0,0,0,0,40,NULL,,"Sin aviso",0
128,4,2019,1223,13,4,52,0,0,0,0,0,0,52,2019-09-28,,,1
128,5,2019,1235,12,4,48,0,0,0,0,0,0,48,2019-10-06,,,1
128,6,2019,1244,9,4,0,40,0,0,0,0,0,40,NULL,,"Sin aviso",0
129,4,2019,2052,20,4,80,0,50,0,0,0,0,130,2019-09-28,"pago recibo atrasado",,1
129,5,2019,2069,17,4,68,0,0,0,0,50,0,118,2019-10-06,,,1
129,6,2019,2084,15,4,60,40,0,0,0,0,0,100,NULL,,"Sin aviso",0
130,4,2019,560,6,4,0,40,0,0,0,0,0,40,2019-09-21,,,1
130,5,2019,580,20,4,80,0,0,0,0,0,0,80,2019-10-06,,,1
130,6,2019,580,0,4,0,40,0,0,0,0,0,40,NULL,,"Sin aviso",0
131,4,2019,1562,18,4,72,0,0,0,0,0,0,72,2019-09-21,,,1
131,5,2019,1581,19,4,76,0,0,0,0,0,0,76,2019-10-06,,,1
131,6,2019,1595,14,4,56,40,0,0,0,0,0,96,NULL,,"Sin aviso",0
132,4,2019,487,3,4,0,40,50,0,0,0,0,90,2019-09-28,"pago recibo atrasado",,1
132,5,2019,487,0,4,0,0,0,0,0,0,0,0,2019-11-16,,"Sin aviso",1
132,6,2019,487,0,4,0,40,0,0,0,0,0,40,NULL,,"Sin aviso",0
133,4,2019,2270,27,4,108,0,0,0,0,0,0,108,2019-09-28,,,1
133,5,2019,2305,35,4,140,0,0,0,0,0,0,140,2019-10-06,,,1
133,6,2019,2335,30,4,120,40,0,0,0,0,0,160,NULL,,"Sin aviso",0
134,4,2019,4834,29,4,116,0,0,0,0,0,0,116,2019-09-21,,,1
134,5,2019,4864,30,4,120,0,0,0,0,0,0,120,2019-10-06,,,1
134,6,2019,4891,27,4,108,40,0,0,0,0,0,148,NULL,,"Sin aviso",0
135,4,2019,2690,28,4,112,0,0,0,0,0,0,112,2019-09-28,,,1
135,5,2019,2721,31,4,124,0,0,0,0,0,0,124,2019-10-06,,,1
135,6,2019,2773,52,4,208,40,0,0,0,0,0,248,NULL,,"Sin aviso",0
136,4,2019,1473,14,4,56,0,0,0,0,0,0,56,2019-09-28,,,1
136,5,2019,1491,18,4,72,0,0,0,0,50,0,122,2019-10-06,"FALTO REUNION 14 SEPT",,1
136,6,2019,1506,15,4,60,40,0,0,0,0,0,100,NULL,,"Sin aviso",0
137,4,2019,1964,20,4,80,0,0,0,0,0,0,80,2019-09-28,,,1
137,5,2019,1992,28,4,112,0,0,0,0,50,0,162,2019-10-06,"FALTO REUNION 14 SEPT",,1
137,6,2019,2010,18,4,72,40,0,0,0,0,0,112,NULL,,"Sin aviso",0
138,4,2019,3226,27,4,108,0,0,0,0,0,0,108,2019-09-28,,,1
138,5,2019,3258,32,4,128,0,0,0,0,0,0,128,2019-10-06,,,1
138,6,2019,3292,34,4,136,40,0,0,0,0,0,176,NULL,,"Sin aviso",0
139,4,2019,1240,23,4,92,0,50,0,0,0,0,142,2019-09-28,"pago recibo atrasado",,1
139,5,2019,1266,26,4,104,0,0,0,0,0,0,104,2019-10-06,,,1
139,6,2019,1287,21,4,84,40,0,0,0,0,0,124,NULL,,"Sin aviso",0
140,4,2019,60,11,4,44,0,0,0,0,0,0,44,2019-09-21,,,1
140,5,2019,72,12,4,48,0,0,0,0,0,0,48,2019-10-06,,,1
140,6,2019,82,10,4,0,40,0,0,0,0,0,40,NULL,,"Sin aviso",0
141,4,2019,773,19,4,76,0,50,0,0,0,0,126,2019-09-28,"pago recibo atrasado",,1
141,5,2019,788,15,4,60,0,0,0,0,0,0,60,2019-10-06,,,1
141,6,2019,802,14,4,56,40,0,0,0,0,0,96,NULL,,"Sin aviso",0
142,4,2019,3469,23,4,92,0,0,0,0,0,0,92,2019-09-28,,,1
142,5,2019,3492,23,4,92,0,0,0,0,50,0,142,2019-10-06,,,1
142,6,2019,3514,22,4,88,40,0,0,0,0,0,128,NULL,,"Sin aviso",0
143,4,2019,14919,0,4,0,40,50,0,0,0,0,90,2019-09-28,"pago recibo atrasado",,1
143,5,2019,0,0,4,0,0,0,0,0,0,0,0,2019-11-16,,"Sin aviso",1
144,4,2019,0,0,4,0,40,50,0,0,0,0,90,2019-09-28,"pago recibo atrasado",,1
144,5,2019,0,0,4,0,40,0,0,0,0,0,40,2019-10-06,,,1
144,6,2019,0,0,4,0,40,0,0,0,0,0,40,NULL,,"Sin aviso",0
145,4,2019,275,1,4,0,40,0,0,0,0,0,40,2019-09-21,,,1
145,5,2019,275,0,4,0,40,0,0,0,0,0,40,2019-10-06,,,1
145,6,2019,275,0,4,0,40,0,0,0,0,0,40,NULL,,"Sin aviso",0
146,4,2019,3036,16,4,64,0,0,0,0,0,0,64,2019-09-21,,,1
146,5,2019,3059,23,4,92,0,0,0,0,0,0,92,2019-10-06,,,1
146,6,2019,3085,26,4,104,40,0,0,0,0,0,144,NULL,,"Sin aviso",0
147,4,2019,586,17,4,68,0,0,0,0,0,0,68,2019-09-28,,,1
147,5,2019,605,19,4,76,0,0,0,0,50,0,126,2019-10-06,,,1
147,6,2019,620,15,4,60,40,0,0,0,0,0,100,NULL,,"Sin aviso",0
148,4,2019,4733,28,4,112,0,0,0,0,0,0,112,2019-09-21,,,1
148,5,2019,4766,33,4,132,0,0,0,0,0,0,132,2019-10-06,,,1
148,6,2019,4795,29,4,116,40,0,0,0,0,0,156,NULL,,"Sin aviso",0
149,4,2019,3173,26,4,104,0,0,0,0,0,0,104,2019-09-28,,,1
149,5,2019,3208,35,4,140,0,0,0,0,0,0,140,2019-10-06,,,1
149,6,2019,3238,30,4,120,40,0,0,0,0,0,160,NULL,,"Sin aviso",0
150,4,2019,4293,19,4,76,0,0,0,0,0,0,76,2019-09-21,,,1
150,5,2019,4317,24,4,96,0,0,0,0,0,0,96,2019-10-06,,,1
150,6,2019,4327,10,4,0,40,0,0,0,0,0,40,NULL,,"Sin aviso",0
151,4,2019,1863,9,4,0,40,0,0,0,0,0,40,2019-09-21,,,1
151,5,2019,1870,7,4,0,40,0,0,0,0,0,40,2019-10-06,,,1
151,6,2019,1877,7,4,0,40,0,0,0,0,0,40,NULL,,"Sin aviso",0
152,4,2019,5597,54,4,216,0,0,0,0,0,0,216,2019-09-21,,,1
152,5,2019,5643,46,4,184,0,0,0,0,0,0,184,2019-10-06,,,1
152,6,2019,5677,34,4,136,40,0,0,0,0,0,176,NULL,,"Sin aviso",0
153,4,2019,5698,63,4,252,0,0,0,0,0,0,252,2019-09-21,,,1
153,5,2019,5745,47,4,188,0,0,0,0,50,0,238,2019-10-06,"FALTO REUNION 14 SEPT",,1
153,6,2019,5786,41,4,164,40,0,0,0,0,0,204,NULL,,"Sin aviso",0
154,4,2019,1266,40,4,160,0,0,0,0,0,0,160,2019-09-21,,,1
154,5,2019,1308,42,4,168,0,0,0,0,0,0,168,2019-10-06,,,1
154,6,2019,1346,38,4,152,40,0,0,0,0,0,192,NULL,,"Sin aviso",0
155,4,2019,3769,23,4,92,0,0,0,0,0,0,92,2019-09-28,,,1
155,5,2019,3793,24,4,96,0,0,0,0,0,0,96,2019-10-06,,,1
155,6,2019,3812,19,4,76,40,0,0,0,0,0,116,NULL,,"Sin aviso",0
156,4,2019,420,35,4,140,0,0,0,0,0,0,140,2019-09-21,,,1
156,5,2019,462,42,4,168,0,0,0,0,0,0,168,2019-10-06,,,1
156,6,2019,495,33,4,132,40,0,0,0,0,0,172,NULL,,"Sin aviso",0
157,4,2019,0,0,4,0,0,0,0,0,0,0,0,2019-09-28,,,0
158,4,2019,854,0,4,0,40,50,0,0,0,0,90,2019-09-28,"pago recibo atrasado",,1
158,5,2019,855,1,4,0,40,0,0,0,0,0,40,2019-11-16,,"Sin aviso",1
158,6,2019,855,0,4,0,40,0,0,0,0,0,40,NULL,,"Sin aviso",0
159,4,2019,1013,97,4,0,0,0,0,0,0,0,0,2019-11-11,,,1
159,5,2019,1146,133,4,532,40,0,0,0,0,0,572,2019-11-16,,"Sin aviso",1
159,6,2019,1270,124,4,496,40,0,0,0,0,0,536,2019-11-16,,"Sin aviso",1
160,4,2019,380,38,4,152,0,50,0,0,0,0,202,2019-09-28,"pago recibo atrasado",,1
160,5,2019,430,50,4,200,0,0,0,0,0,0,200,2019-11-16,,"Sin aviso",1
160,6,2019,464,34,4,136,40,0,0,0,0,0,176,NULL,,"Sin aviso",0
161,4,2019,404,9,4,0,40,0,0,0,0,0,40,2019-09-21,,,1
161,5,2019,410,6,4,0,40,0,0,0,50,0,90,2019-10-06,"FALTO REUNION 14 SEPT",,1
161,6,2019,422,12,4,48,40,0,0,0,0,0,88,NULL,,"Sin aviso",0
162,4,2019,2851,36,4,144,0,0,0,0,0,0,144,2019-09-28,,,1
162,5,2019,2906,55,4,220,0,0,0,0,0,0,220,2019-10-06,,,1
162,6,2019,2952,46,4,184,40,0,0,0,0,0,224,NULL,,"Sin aviso",0
163,4,2019,2576,10,4,40,0,0,0,0,0,0,40,2019-09-21,,,1
163,5,2019,2585,9,4,0,40,0,0,0,0,0,40,2019-10-06,,,1
163,6,2019,2594,9,4,0,40,0,0,0,0,0,40,NULL,,"Sin aviso",0
164,4,2019,5548,17,4,68,0,0,0,0,0,0,68,2019-09-21,,,1
164,5,2019,5566,18,4,72,0,0,0,0,50,0,122,2019-10-06,,,1
164,6,2019,5582,16,4,64,40,0,0,0,0,0,104,NULL,,"Sin aviso",0
165,4,2019,2362,28,4,112,0,0,0,0,0,0,112,2019-09-21,,,1
165,5,2019,2393,31,4,124,0,0,0,0,50,0,174,2019-10-06,"FALTO REUNION 14 SEPT",,1
165,6,2019,2425,32,4,128,40,0,0,0,0,0,168,NULL,,"Sin aviso",0
166,4,2019,132,3,4,0,40,0,0,0,0,0,40,2019-09-28,,,1
166,5,2019,143,11,4,44,0,0,0,0,0,0,44,2019-10-06,,,1
166,6,2019,147,4,4,0,40,0,0,0,0,0,40,NULL,,"Sin aviso",0
167,4,2019,6082,37,4,148,0,0,0,0,0,0,148,2019-09-28,,,1
167,5,2019,6120,38,4,152,0,0,0,0,0,0,152,2019-10-06,,,1
167,6,2019,6145,25,4,100,40,0,0,0,0,0,140,NULL,,"Sin aviso",0
168,4,2019,802,17,4,68,0,0,0,0,0,0,68,2019-09-28,,,1
168,5,2019,812,10,4,40,0,0,0,0,0,0,40,2019-10-06,,,1
168,6,2019,816,4,4,0,40,0,0,0,0,0,40,NULL,,"Sin aviso",0
169,4,2019,1631,28,4,112,0,0,0,0,0,0,112,2019-09-21,,,1
169,5,2019,1674,43,4,172,0,0,0,0,0,0,172,2019-10-06,,,1
169,6,2019,1702,28,4,112,40,0,0,0,0,0,152,NULL,,"Sin aviso",0
170,4,2019,3487,5,4,0,40,0,0,0,0,0,40,2019-09-21,,,1
170,5,2019,3490,3,4,0,40,0,0,0,0,0,40,2019-10-06,,,1
170,6,2019,3494,4,4,0,40,0,0,0,0,0,40,NULL,,"Sin aviso",0
171,4,2019,618,16,4,64,0,0,0,0,0,0,64,2019-09-21,,,1
171,5,2019,644,26,4,104,0,0,0,0,0,0,104,2019-10-06,,,1
171,6,2019,661,17,4,68,40,0,0,0,0,0,108,NULL,,"Sin aviso",0
172,4,2019,624,23,4,92,0,0,0,0,0,0,92,2019-09-28,,,1
172,5,2019,643,19,4,76,0,0,0,0,0,0,76,2019-10-06,,,1
172,6,2019,658,15,4,60,40,0,0,0,0,0,100,NULL,,"Sin aviso",0
173,4,2019,0,0,4,0,40,50,0,0,0,0,90,2019-09-28,"pago recibo atrasado",,1
173,5,2019,0,0,4,0,40,0,0,0,0,0,40,2019-10-06,,,1
173,6,2019,0,0,4,0,40,0,0,0,0,0,40,NULL,,"Sin aviso",0
174,4,2019,6855,57,4,228,0,0,0,0,0,0,228,2019-09-21,,,1
174,5,2019,6915,60,4,240,0,0,0,0,0,0,240,2019-10-06,,,1
174,6,2019,6955,40,4,160,40,0,0,0,0,0,200,NULL,,"Sin aviso",0
175,4,2019,1760,36,4,0,0,0,0,0,0,0,0,2019-11-11,,,1
175,5,2019,1804,44,4,176,0,0,0,0,0,0,176,2019-11-16,,"Sin aviso",1
175,6,2019,1817,13,4,52,40,0,0,0,0,0,92,NULL,,"Sin aviso",0
176,4,2019,3249,0,4,0,0,0,0,0,0,0,0,2019-11-11,,,1
176,5,2019,3249,0,4,0,0,0,0,0,0,0,0,2019-11-16,,"Sin aviso",1
176,6,2019,3249,0,4,0,40,0,0,0,0,0,40,NULL,,"Sin aviso",0
177,4,2019,4838,15,4,60,0,0,0,0,0,0,60,2019-09-21,,,1
177,5,2019,4859,21,4,84,0,0,0,0,50,0,134,2019-10-06,"FALTO REUNION 14 SEPT",,1
177,6,2019,4871,12,4,48,40,0,0,0,0,0,88,NULL,,"Sin aviso",0
178,4,2019,4285,20,4,80,0,0,0,0,0,0,80,2019-09-21,,,1
178,5,2019,4308,23,4,92,0,0,0,0,0,0,92,2019-10-06,,,1
178,6,2019,4331,23,4,92,40,0,0,0,0,0,132,NULL,,"Sin aviso",0
179,4,2019,940,18,4,72,0,0,0,0,0,0,72,2019-09-28,,,1
179,5,2019,950,10,4,40,0,0,0,0,0,0,40,2019-10-06,,,1
179,6,2019,961,11,4,44,40,0,0,0,0,0,84,NULL,,"Sin aviso",0
180,4,2019,204,13,4,52,0,0,0,0,0,0,52,2019-09-21,,,1
180,5,2019,219,15,4,60,0,0,0,0,0,0,60,2019-10-06,,,1
180,6,2019,229,10,4,0,40,0,0,0,0,0,40,NULL,,"Sin aviso",0
181,4,2019,1466,16,4,64,0,0,0,0,0,0,64,2019-09-21,,,1
181,5,2019,1486,20,4,80,0,0,0,0,50,0,130,2019-10-06,"FALTO REUNION 14 SEPT",,1
181,6,2019,1501,15,4,60,40,0,0,0,0,0,100,NULL,,"Sin aviso",0
182,4,2019,2554,26,4,104,0,0,0,0,0,0,104,2019-09-21,,,1
182,5,2019,2583,29,4,116,0,0,0,0,0,0,116,2019-10-06,,,1
182,6,2019,2605,22,4,88,40,0,0,0,0,0,128,NULL,,"Sin aviso",0
183,4,2019,3598,16,4,64,0,0,0,0,0,0,64,2019-09-21,,,1
183,5,2019,3619,21,4,84,0,0,0,0,50,0,134,2019-10-06,,,1
183,6,2019,3634,15,4,60,40,0,0,0,0,0,100,NULL,,"Sin aviso",0
184,4,2019,4441,41,4,164,0,0,0,0,0,0,164,2019-09-28,,,1
184,5,2019,4490,49,4,196,0,0,0,0,50,0,246,2019-10-06,"FALTO REUNION 14 SEPT",,1
184,6,2019,4533,43,4,172,40,0,0,0,0,0,212,NULL,,"Sin aviso",0
185,4,2019,181,27,4,108,0,0,0,0,0,0,108,2019-09-21,,,1
185,5,2019,215,34,4,136,0,0,0,0,0,0,136,2019-10-06,,,1
185,6,2019,244,29,4,116,40,0,0,0,0,0,156,NULL,,"Sin aviso",0
186,4,2019,1245,23,4,92,0,0,0,0,0,0,92,2019-09-21,,,1
186,5,2019,1281,36,4,144,0,0,0,0,0,0,144,2019-10-06,,,1
186,6,2019,1287,6,4,0,40,0,0,0,0,0,40,NULL,,"Sin aviso",0
187,4,2019,43,0,4,0,40,0,0,0,0,0,40,2019-09-21,,,1
187,5,2019,50,7,4,0,40,0,0,0,50,0,90,2019-10-06,"FALTO REUNION 14 SEPT",,1
187,6,2019,62,12,4,48,40,0,0,0,0,0,88,NULL,,"Sin aviso",0
188,4,2019,1112,36,4,144,0,0,0,0,0,0,144,2019-09-28,,,1
188,5,2019,1152,40,4,160,0,0,0,0,50,0,210,2019-10-06,,,1
188,6,2019,1185,33,4,132,40,0,0,0,0,0,172,NULL,,"Sin aviso",0
189,4,2019,1,1,4,0,40,0,0,0,0,0,40,2019-09-28,,,1
189,5,2019,1,0,4,0,40,0,0,0,0,0,40,2019-10-06,,,1
189,6,2019,1,0,4,0,40,0,0,0,0,0,40,NULL,,"Sin aviso",0
190,4,2019,529,7,4,0,40,0,0,0,0,0,40,2019-09-21,,,1
190,5,2019,541,12,4,48,0,0,0,0,0,0,48,2019-10-06,,,1
190,6,2019,552,11,4,44,40,0,0,0,0,0,84,2019-11-16,,"Sin aviso",1
191,4,2019,636,12,4,48,0,50,0,0,0,0,98,2019-09-28,"pago recibo atrasado",,1
191,5,2019,650,14,4,56,0,0,0,0,50,0,106,2019-10-06,"FALTO REUNION 14 SEPT",,1
191,6,2019,663,13,4,52,40,0,0,0,0,0,92,NULL,,"Sin aviso",0
192,4,2019,0,0,4,0,40,0,0,0,0,0,40,2019-09-21,,,1
192,5,2019,0,0,4,0,40,0,0,0,0,0,40,2019-10-06,,,1
192,6,2019,0,0,4,0,40,0,0,0,0,0,40,NULL,,"Sin aviso",0
193,4,2019,4406,48,4,192,0,0,0,0,0,0,192,2019-09-28,,,1
193,5,2019,4466,60,4,240,0,0,0,0,0,0,240,2019-10-06,,,1
193,6,2019,4508,42,4,168,40,0,0,0,0,0,208,NULL,,"Sin aviso",0
194,4,2019,642,22,4,88,0,0,0,0,0,0,88,2019-09-21,,,1
194,5,2019,668,26,4,104,0,0,0,0,0,0,104,2019-10-06,,,1
194,6,2019,684,16,4,64,40,0,0,0,0,0,104,NULL,,"Sin aviso",0
195,4,2019,431,17,4,68,0,0,0,0,0,0,68,2019-09-21,,,1
195,5,2019,455,24,4,96,0,0,0,0,0,0,96,2019-10-06,,,1
195,6,2019,476,21,4,84,40,0,0,0,0,0,124,NULL,,"Sin aviso",0
196,4,2019,648,12,4,48,0,0,0,0,0,0,48,2019-09-28,,,1
196,5,2019,663,15,4,60,0,0,0,0,0,0,60,2019-10-06,,,1
196,6,2019,676,13,4,52,40,0,0,0,0,0,92,NULL,,"Sin aviso",0
197,4,2019,714,14,4,56,0,0,0,0,0,0,56,2019-09-21,,,1
197,5,2019,739,25,4,100,0,0,0,0,0,0,100,2019-10-06,,,1
197,6,2019,751,12,4,48,40,0,0,0,0,0,88,NULL,,"Sin aviso",0
198,4,2019,1175,10,4,40,0,0,0,0,0,0,40,2019-09-28,,,1
198,5,2019,1193,18,4,72,0,0,0,0,0,0,72,2019-10-06,,,1
198,6,2019,1200,7,4,0,40,0,0,0,0,0,40,NULL,,"Sin aviso",0
199,4,2019,3859,24,4,96,0,0,0,0,0,0,96,2019-09-21,,,1
199,5,2019,3886,27,4,108,0,0,0,0,0,0,108,2019-11-16,,"Sin aviso",1
199,6,2019,3927,41,4,164,0,0,0,0,0,0,164,2019-11-16,,"Sin aviso",1
200,4,2019,2117,10,4,40,0,0,0,0,0,0,40,2019-09-21,,,1
200,5,2019,2130,13,4,52,0,0,0,0,0,0,52,2019-10-06,,,1
200,6,2019,2140,10,4,0,40,0,0,0,0,0,40,NULL,,"Sin aviso",0
201,4,2019,2462,6,4,0,40,0,0,0,0,0,40,2019-09-28,,,1
201,5,2019,2470,8,4,0,40,0,0,0,50,0,90,2019-10-06,"FALTO REUNION 14 SEPT",,1
201,6,2019,2473,3,4,0,40,0,0,0,0,0,40,NULL,,"Sin aviso",0
202,4,2019,2588,13,4,52,0,0,0,0,0,0,52,2019-09-21,,,1
202,5,2019,2602,14,4,56,0,0,0,0,0,0,56,2019-10-06,,,1
202,6,2019,2616,14,4,56,40,0,0,0,0,0,96,NULL,,"Sin aviso",0
203,4,2019,4525,43,4,172,0,50,0,0,0,0,222,2019-09-28,"pago recibo atrasado",,1
203,5,2019,4608,83,4,332,0,0,0,0,0,0,332,2019-10-06,,,1
203,6,2019,4645,37,4,148,40,0,0,0,0,0,188,NULL,,"Sin aviso",0
204,4,2019,3002,35,4,140,0,50,0,0,0,0,190,2019-09-28,"pago recibo atrasado",,1
205,4,2019,611,1,4,0,40,0,0,0,0,0,40,2019-09-28,,,1
205,5,2019,611,0,4,0,0,0,0,0,0,0,0,NULL,,"Sin aviso",1
205,6,2019,611,0,4,0,40,0,0,0,0,0,40,NULL,,"Sin aviso",0
206,4,2019,3705,29,4,116,0,0,0,0,0,0,116,2019-09-28,,,1
206,5,2019,3740,35,4,140,0,0,0,0,0,0,140,2019-10-06,,,1
206,6,2019,3770,30,4,120,40,0,0,0,0,0,160,NULL,,"Sin aviso",0
207,4,2019,5869,31,4,124,0,0,0,0,0,0,124,2019-09-28,,,1
207,5,2019,5906,37,4,148,0,0,0,0,0,0,148,2019-10-06,,,1
207,6,2019,5943,37,4,148,40,0,0,0,0,0,188,NULL,,"Sin aviso",0
208,4,2019,2932,21,4,84,0,0,0,0,0,0,84,2019-09-28,,,1
208,5,2019,2956,24,4,96,0,0,0,0,0,0,96,2019-10-06,,,1
208,6,2019,2983,27,4,108,40,0,0,0,0,0,148,NULL,,"Sin aviso",0
209,4,2019,697,10,4,40,0,50,0,0,0,0,90,2019-09-28,"pago recibo atrasado",,1
209,5,2019,704,7,4,0,40,0,0,0,50,0,90,2019-10-06,"FALTO REUNION 14 SEPT",,1
209,6,2019,709,5,4,0,40,0,0,0,0,0,40,NULL,,"Sin aviso",0
210,4,2019,4905,17,4,68,0,0,0,0,0,0,68,2019-09-21,,,1
210,5,2019,4924,19,4,76,0,0,0,0,0,0,76,2019-10-06,,,1
210,6,2019,4942,18,4,72,40,0,0,0,0,0,112,NULL,,"Sin aviso",0
211,4,2019,1956,6,4,0,40,0,0,0,0,0,40,2019-09-28,,,1
211,5,2019,1968,12,4,48,0,0,0,0,50,0,98,2019-10-06,"FALTO REUNION 14 SEPT",,1
211,6,2019,1984,16,4,64,40,0,0,0,0,0,104,NULL,,"Sin aviso",0
212,4,2019,2647,48,4,192,0,0,0,0,0,0,192,2019-09-28,,,1
212,5,2019,2701,54,4,216,0,0,0,0,50,0,266,2019-10-06,"FALTO REUNION 14 SEPT",,1
212,6,2019,2741,40,4,160,40,0,0,0,0,0,200,NULL,,"Sin aviso",0
213,4,2019,2653,2,4,0,40,0,0,0,0,0,40,2019-09-21,,,1
213,5,2019,2658,5,4,0,40,0,0,0,50,0,90,2019-10-06,"FALTO REUNION 14 SEPT",,1
213,6,2019,2662,4,4,0,40,0,0,0,0,0,40,NULL,,"Sin aviso",0
214,4,2019,2441,6,4,0,40,0,0,0,0,0,40,2019-09-21,,,1
214,5,2019,2447,6,4,0,40,0,0,0,0,0,40,2019-10-06,,,1
214,6,2019,2453,6,4,0,40,0,0,0,0,0,40,NULL,,"Sin aviso",0
215,4,2019,942,21,4,84,0,50,0,0,0,0,134,2019-09-28,"pago recibo atrasado",,1
215,5,2019,971,29,4,116,0,0,0,0,0,0,116,2019-10-06,,,1
215,6,2019,993,22,4,88,40,0,0,0,0,0,128,NULL,,"Sin aviso",0
216,4,2019,107,6,4,0,40,0,0,0,0,0,40,2019-09-28,,,1
216,5,2019,113,6,4,0,40,0,0,0,0,0,40,2019-10-06,,,1
216,6,2019,118,5,4,0,40,0,0,0,0,0,40,NULL,,"Sin aviso",0
217,4,2019,306,0,4,0,40,0,0,0,0,0,40,2019-09-28,,,1
217,5,2019,306,0,4,0,40,0,0,0,50,0,90,2019-10-06,"FALTO REUNION 14 SEPT",,1
217,6,2019,306,0,4,0,40,0,0,0,0,0,40,NULL,,"Sin aviso",0
218,4,2019,843,20,4,80,0,0,0,0,0,0,80,2019-09-28,,,1
218,5,2019,869,26,4,104,0,0,0,0,0,0,104,2019-10-06,,,1
218,6,2019,892,23,4,92,40,0,0,0,0,0,132,NULL,,"Sin aviso",0
219,4,2019,465,20,4,80,0,0,0,0,0,0,80,2019-09-28,,,1
219,5,2019,492,27,4,108,0,0,0,0,0,0,108,2019-10-06,,,1
219,6,2019,508,16,4,64,40,0,0,0,0,0,104,NULL,,"Sin aviso",0
220,4,2019,1045,15,4,60,0,0,0,0,0,0,60,2019-09-21,,,1
220,5,2019,1056,11,4,44,0,0,0,0,50,0,94,2019-10-06,"FALTO REUNION 14 SEPT",,1
220,6,2019,1069,13,4,52,40,0,0,0,0,0,92,NULL,,"Sin aviso",0
221,4,2019,1305,7,4,0,40,0,0,0,0,0,40,2019-09-28,,,1
221,5,2019,1328,23,4,92,0,0,0,0,0,0,92,2019-10-06,,,1
221,6,2019,1341,13,4,52,40,0,0,0,0,0,92,NULL,,"Sin aviso",0
222,4,2019,1886,17,4,68,0,0,0,0,0,0,68,2019-09-21,,,1
222,5,2019,1908,22,4,88,0,0,0,0,50,0,138,2019-10-06,"FALTO REUNION 14 SEPT",,1
222,6,2019,1920,12,4,48,40,0,0,0,0,0,88,NULL,,"Sin aviso",0
223,4,2019,1861,9,4,0,40,50,0,0,0,0,90,2019-09-28,"pago recibo atrasado",,1
223,5,2019,1870,9,4,0,40,0,0,0,0,0,40,2019-10-06,,,1
223,6,2019,1878,8,4,0,40,0,0,0,0,0,40,NULL,,"Sin aviso",0
224,4,2019,1373,53,4,212,0,0,0,0,0,0,212,2019-09-28,,,1
224,5,2019,1430,57,4,228,0,0,0,0,50,0,278,2019-10-06,"PAGO RETRASADO",,1
224,6,2019,1490,60,4,240,40,0,0,0,0,0,280,NULL,,"Sin aviso",0
225,4,2019,0,0,4,0,40,50,0,0,0,0,90,2019-09-28,"pago recibo atrasado",,0
225,5,2019,0,0,4,0,0,0,0,0,0,0,0,NULL,,"Sin aviso",0
225,6,2019,0,0,4,0,40,0,0,0,0,0,40,NULL,,"Sin aviso",0
226,4,2019,1263,20,4,80,0,50,0,0,0,0,130,2019-09-28,"pago recibo atrasado",,1
226,5,2019,1279,16,4,64,0,0,0,0,0,0,64,2019-10-06,,,1
226,6,2019,1290,11,4,44,40,0,0,0,0,0,84,NULL,,"Sin aviso",0
227,4,2019,160,7,4,0,40,0,0,0,0,0,40,2019-09-21,,,1
227,5,2019,162,2,4,0,40,0,0,0,0,0,40,NULL,,"Sin aviso",0
227,6,2019,176,14,4,56,40,0,0,0,0,0,96,NULL,,"Sin aviso",0
228,4,2019,0,0,4,0,40,0,0,0,0,0,40,2019-09-28,,,1
228,5,2019,0,0,4,0,40,0,0,0,0,0,40,2019-10-06,,,1
228,6,2019,0,0,4,0,40,0,0,0,0,0,40,NULL,,"Sin aviso",0
229,4,2019,3440,14,4,0,0,0,0,0,0,0,0,2019-11-11,,,1
229,5,2019,3460,20,4,80,0,0,0,0,0,0,80,2019-11-16,,"Sin aviso",1
229,6,2019,3479,19,4,76,40,0,0,0,0,0,116,NULL,,"Sin aviso",0
230,4,2019,1376,21,4,84,0,0,0,0,0,0,84,2019-09-28,,,1
230,5,2019,1406,30,4,120,0,0,0,0,0,0,120,2019-10-06,,,1
230,6,2019,1426,20,4,80,40,0,0,0,0,0,120,NULL,,"Sin aviso",0
231,4,2019,2264,17,4,68,0,0,0,0,0,0,68,2019-09-28,,,1
231,5,2019,2285,12,4,48,0,0,0,0,0,0,48,2019-10-06,,,1
231,6,2019,2299,14,4,56,40,0,0,0,0,0,96,NULL,,"Sin aviso",0
232,4,2019,4145,32,4,128,0,0,0,0,0,0,128,2019-09-28,,,1
232,5,2019,4191,46,4,184,0,0,0,0,0,0,184,2019-10-06,,,1
232,6,2019,4231,40,4,160,40,0,0,0,0,0,200,NULL,,"Sin aviso",0
233,4,2019,3086,29,4,116,0,0,0,0,0,0,116,2019-09-28,,,1
233,5,2019,3118,32,4,128,0,0,0,0,0,0,128,2019-10-06,,,1
233,6,2019,3142,24,4,96,40,0,0,0,0,0,136,NULL,,"Sin aviso",0
234,4,2019,7,0,4,0,40,0,0,0,0,0,40,2019-09-21,,,1
234,5,2019,7,0,4,0,40,0,0,0,0,0,40,2019-10-06,,,1
234,6,2019,7,0,4,0,40,0,0,0,0,0,40,NULL,,"Sin aviso",0
235,4,2019,236,3,4,0,40,0,0,0,0,0,40,2019-09-28,,,1
235,5,2019,243,7,4,0,40,0,0,0,0,0,40,2019-10-06,,,1
235,6,2019,245,2,4,0,40,0,0,0,0,0,40,NULL,,"Sin aviso",0
236,4,2019,435,23,4,92,0,50,0,0,0,0,142,2019-09-28,"pago recibo atrasado",,1
236,5,2019,460,25,4,100,0,0,0,0,0,0,100,2019-10-06,,,1
236,6,2019,470,10,4,0,40,0,0,0,0,0,40,NULL,,"Sin aviso",0
237,4,2019,157,14,4,56,0,0,0,0,0,0,56,2019-09-28,,,1
237,5,2019,171,14,4,56,0,0,0,0,0,0,56,2019-10-06,,,1
237,6,2019,179,8,4,0,40,0,0,0,0,0,40,NULL,,"Sin aviso",0
238,4,2019,2873,29,4,116,0,0,0,0,0,0,116,2019-09-28,,,1
238,5,2019,2913,40,4,160,0,0,0,0,50,0,210,2019-10-06,"PAGO RETRASADO",,1
238,6,2019,2941,28,4,112,40,0,0,0,0,0,152,NULL,,"Sin aviso",0
239,4,2019,1388,1,4,0,40,0,0,0,0,0,40,2019-09-28,,,1
239,5,2019,1390,2,4,0,40,0,0,0,50,0,90,2019-10-06,"PAGO RETRASADO",,1
239,6,2019,1392,2,4,0,40,0,0,0,0,0,40,NULL,,"Sin aviso",0
240,4,2019,0,0,4,0,40,0,0,0,0,0,40,2019-09-28,,,1
240,5,2019,0,0,4,0,40,0,0,0,50,0,90,2019-10-06,"FALTO REUNION 14 SEPT",,1
240,6,2019,0,0,4,0,40,0,0,0,0,0,40,NULL,,"Sin aviso",0
241,4,2019,1996,19,4,76,0,0,0,0,0,0,76,2019-09-28,,,1
241,5,2019,2024,28,4,112,0,0,0,0,50,0,162,2019-10-06,"FALTO REUNION 14 SEPT",,1
241,6,2019,2043,19,4,76,40,0,0,0,0,0,116,NULL,,"Sin aviso",0
242,4,2019,2581,32,4,128,0,0,0,0,0,0,128,2019-09-21,,,1
242,5,2019,2614,33,4,132,0,0,0,0,0,0,132,2019-10-06,,,1
242,6,2019,2643,29,4,116,40,0,0,0,0,0,156,NULL,,"Sin aviso",0
243,4,2019,561,1,4,0,40,0,0,0,0,0,40,2019-09-28,,,1
243,5,2019,567,6,4,0,40,0,0,0,0,0,40,2019-10-06,,,1
243,6,2019,571,4,4,0,40,0,0,0,0,0,40,NULL,,"Sin aviso",0
244,4,2019,1259,6,4,0,40,0,0,0,0,0,40,2019-09-28,,,1
244,5,2019,1271,12,4,48,0,0,0,0,0,0,48,2019-10-06,,,1
244,6,2019,1282,11,4,44,40,0,0,0,0,0,84,NULL,,"Sin aviso",0
245,4,2019,1846,4,4,0,40,0,0,0,0,0,40,2019-09-28,,,1
245,5,2019,1849,3,4,0,40,0,0,0,0,0,40,2019-10-06,,,1
245,6,2019,1864,15,4,60,40,0,0,0,0,0,100,NULL,,"Sin aviso",0
246,4,2019,153,23,4,92,0,0,0,0,0,0,92,2019-09-28,,,1
246,5,2019,179,26,4,104,0,0,0,0,0,0,104,2019-10-06,,,1
246,6,2019,199,20,4,80,40,0,0,0,0,0,120,NULL,,"Sin aviso",0
247,4,2019,1675,0,4,0,40,0,0,0,0,0,40,2019-09-21,,,1
247,5,2019,1676,1,4,0,40,0,0,0,0,0,40,2019-10-06,,,1
247,6,2019,1676,0,4,0,40,0,0,0,0,0,40,NULL,,"Sin aviso",0
248,4,2019,122,11,4,44,0,0,0,0,0,0,44,2019-09-21,,,1
248,5,2019,132,10,4,40,0,0,0,0,0,0,40,2019-10-06,,,1
248,6,2019,139,7,4,0,40,0,0,0,0,0,40,NULL,,"Sin aviso",0
249,4,2019,0,0,4,0,40,50,0,0,0,0,90,2019-09-28,"pago recibo atrasado",,1
249,5,2019,0,0,4,0,40,0,200,0,0,0,240,2019-10-06,"PAGO CUOTA ANUAL OCT2018-OCT 2019",,1
249,6,2019,0,0,4,0,40,0,0,0,0,0,40,NULL,,"Sin aviso",0
250,4,2019,207,10,4,40,0,0,0,0,0,0,40,2019-09-28,,,1
250,5,2019,212,5,4,0,40,0,0,0,0,0,40,2019-10-06,,,1
250,6,2019,214,2,4,0,40,0,0,0,0,0,40,NULL,,"Sin aviso",0
251,4,2019,887,17,4,68,0,0,0,0,0,0,68,2019-09-28,,,1
251,5,2019,899,12,4,48,0,0,0,0,0,0,48,2019-10-06,,,1
251,6,2019,906,7,4,0,40,0,0,0,0,0,40,NULL,,"Sin aviso",0
252,4,2019,1289,6,4,0,40,0,0,0,0,0,40,2019-09-28,,,1
252,5,2019,1297,8,4,0,40,0,0,0,0,0,40,2019-10-06,,,1
252,6,2019,1303,6,4,0,40,0,0,0,0,0,40,NULL,,"Sin aviso",0
253,4,2019,2936,17,4,68,0,0,0,0,0,0,68,2019-09-28,,,1
253,5,2019,2962,26,4,104,0,0,0,0,0,0,104,2019-10-06,,,1
253,6,2019,2980,18,4,72,40,0,0,0,0,0,112,NULL,,"Sin aviso",0
254,4,2019,4640,30,4,0,0,0,0,0,0,0,0,2019-11-11,,,1
254,5,2019,4680,40,4,160,0,0,0,0,0,0,160,2019-11-16,,"Sin aviso",1
254,6,2019,4709,29,4,116,40,0,0,0,0,0,156,NULL,,"Sin aviso",0
255,4,2019,2336,21,4,84,0,0,0,0,0,0,84,2019-09-28,,,1
255,5,2019,2361,25,4,100,0,0,0,0,0,0,100,2019-10-06,,,1
255,6,2019,2381,20,4,80,40,0,0,0,0,0,120,NULL,,"Sin aviso",0
256,4,2019,4888,20,4,80,0,0,0,0,0,0,80,2019-09-21,,,1
256,5,2019,4910,22,4,88,0,0,0,0,0,0,88,2019-10-06,,,1
256,6,2019,4928,18,4,72,40,0,0,0,0,0,112,NULL,,"Sin aviso",0
257,4,2019,3210,10,4,40,0,0,0,0,0,0,40,2019-09-28,,,1
257,5,2019,3220,10,4,40,0,0,0,0,0,0,40,2019-10-06,,,1
257,6,2019,3231,11,4,44,40,0,0,0,0,0,84,NULL,,"Sin aviso",0
258,4,2019,1210,25,4,100,0,0,0,0,0,0,100,2019-09-28,,,1
258,5,2019,1237,27,4,108,0,0,0,0,50,0,158,2019-10-06,"FALTO REUNION 14 SEPT",,1
258,6,2019,1555,318,4,1272,40,0,0,0,0,0,1312,NULL,,"Sin aviso",0
259,4,2019,3881,16,4,64,0,0,0,0,0,0,64,2019-09-21,,,1
259,5,2019,3903,22,4,88,0,0,0,0,0,0,88,2019-10-06,,,1
259,6,2019,3921,18,4,72,40,0,0,0,0,0,112,NULL,,"Sin aviso",0
260,4,2019,103,44,4,176,0,0,0,0,0,0,176,2019-09-28,,,1
260,5,2019,140,37,4,148,0,0,0,0,0,0,148,2019-10-06,,,1
260,6,2019,166,26,4,104,40,0,0,0,0,0,144,NULL,,"Sin aviso",0
261,4,2019,0,0,4,0,40,50,0,0,0,0,90,2019-09-28,"pago recibo atrasado",,1
261,5,2019,0,0,4,0,0,0,0,0,0,0,0,NULL,,"Sin aviso",1
261,6,2019,0,0,4,0,40,0,0,0,0,0,40,NULL,,"Sin aviso",0
262,4,2019,3588,32,4,128,0,0,0,0,0,0,128,2019-09-28,,,1
262,5,2019,3622,34,4,136,0,0,0,0,0,0,136,2019-10-06,,,1
262,6,2019,3647,25,4,100,40,0,0,0,0,0,140,NULL,,"Sin aviso",0
263,4,2019,345,6,4,0,0,0,0,0,0,0,0,2019-11-11,,,1
263,5,2019,351,6,4,0,40,0,0,0,0,0,40,2019-11-16,,"Sin aviso",1
263,6,2019,355,4,4,0,40,0,0,0,0,0,40,NULL,,"Sin aviso",0
264,4,2019,3252,22,4,88,0,0,0,0,0,0,88,2019-09-21,,,1
264,5,2019,3282,30,4,120,0,0,0,0,50,0,170,2019-10-06,"FALTO REUNION 14 SEPT",,1
264,6,2019,3311,29,4,116,40,0,0,0,0,0,156,NULL,,"Sin aviso",0
265,4,2019,419,0,4,0,40,0,0,0,0,0,40,2019-09-28,,,1
265,5,2019,419,0,4,0,40,0,0,0,0,0,40,2019-10-06,,,1
265,6,2019,426,7,4,0,40,0,0,0,0,0,40,NULL,,"Sin aviso",0
266,4,2019,2180,6,4,0,40,50,0,0,0,0,90,2019-09-28,"pago recibo atrasado",,1
266,5,2019,2191,11,4,44,0,0,0,0,0,0,44,NULL,,"Sin aviso",0
266,6,2019,2201,10,4,0,40,0,0,0,0,0,40,NULL,,"Sin aviso",0
267,4,2019,4506,12,4,48,0,50,0,0,0,0,98,2019-09-28,"pago recibo atrasado",,1
267,5,2019,4520,14,4,56,0,0,0,0,0,0,56,2019-10-06,,,1
267,6,2019,4526,6,4,0,40,0,0,0,0,0,40,NULL,,"Sin aviso",0
268,4,2019,510,12,4,48,0,0,0,0,0,0,48,2019-09-28,,,1
268,5,2019,538,28,4,112,0,0,0,0,0,0,112,2019-10-06,,,1
268,6,2019,553,15,4,60,40,0,0,0,0,0,100,NULL,,"Sin aviso",0
269,4,2019,306,5,4,0,40,0,0,0,0,0,40,2019-09-28,,,1
269,5,2019,314,8,4,0,40,0,0,0,0,0,40,2019-10-06,,,1
269,6,2019,323,9,4,0,40,0,0,0,0,0,40,NULL,,"Sin aviso",0
270,4,2019,1405,26,4,104,0,0,0,0,0,0,104,2019-09-21,,,1
270,5,2019,1446,41,4,164,0,0,0,0,0,0,164,2019-10-06,,,1
270,6,2019,1470,24,4,96,40,0,0,0,0,0,136,NULL,,"Sin aviso",0
271,4,2019,3294,34,4,136,0,0,0,0,0,0,136,2019-09-28,,,1
271,5,2019,3333,39,4,156,0,0,0,0,0,0,156,2019-10-06,,,1
271,6,2019,3360,27,4,108,40,0,0,0,0,0,148,NULL,,"Sin aviso",0
272,4,2019,791,8,4,0,40,0,0,0,0,0,40,2019-09-28,,,1
272,5,2019,801,10,4,0,40,0,0,0,0,0,40,2019-10-06,,,1
272,6,2019,807,6,4,0,40,0,0,0,0,0,40,NULL,,"Sin aviso",0
273,4,2019,294,32,4,128,0,50,0,0,0,0,178,2019-09-28,"pago recibo atrasado",,1
273,5,2019,335,41,4,164,0,0,0,0,0,0,164,2019-10-06,,,1
273,6,2019,367,32,4,128,40,0,0,0,0,0,168,NULL,,"Sin aviso",0
274,4,2019,21,11,4,44,0,0,0,0,0,0,44,2019-09-21,,,1
274,5,2019,31,10,4,40,0,0,0,0,0,0,40,2019-10-06,,,1
274,6,2019,37,6,4,0,40,0,0,0,0,0,40,NULL,,"Sin aviso",0
275,4,2019,1167,39,4,156,0,0,0,0,0,0,156,2019-09-28,,,1
275,5,2019,1209,42,4,168,0,0,0,0,50,0,218,2019-10-06,"FALTO REUNION 14 SEPT",,1
275,6,2019,1251,42,4,168,40,0,0,0,0,0,208,NULL,,"Sin aviso",0
276,4,2019,903,43,4,172,0,0,0,0,0,0,172,2019-09-21,,,1
276,5,2019,955,52,4,208,0,0,0,0,0,0,208,2019-10-06,,,1
276,6,2019,994,39,4,156,40,0,0,0,0,0,196,NULL,,"Sin aviso",0
277,4,2019,0,0,4,0,40,50,0,0,0,0,90,2019-09-28,"pago recibo atrasado",,0
278,4,2019,1362,0,4,0,40,0,0,0,0,0,40,2019-09-21,,,1
278,5,2019,1362,0,4,0,40,0,0,0,0,0,40,2019-10-06,,,1
278,6,2019,1363,1,4,0,40,0,0,0,0,0,40,NULL,,"Sin aviso",0
279,4,2019,2068,3,4,0,40,0,0,0,0,0,40,2019-09-21,,,1
279,5,2019,2069,1,4,0,40,0,0,0,50,0,90,2019-10-06,"FALTO REUNION 14 SEPT",,1
279,6,2019,2070,1,4,0,40,0,0,0,0,0,40,NULL,,"Sin aviso",0
280,4,2019,412,5,4,0,40,0,0,0,0,0,40,2019-09-21,,,1
280,5,2019,425,13,4,52,0,0,0,0,0,0,52,2019-10-06,,,1
280,6,2019,458,33,4,132,40,0,0,0,0,0,172,NULL,,"Sin aviso",0
281,4,2019,1760,13,4,52,0,0,0,0,0,0,52,2019-09-28,,,1
281,5,2019,1778,18,4,72,0,0,0,0,0,0,72,2019-10-06,,,1
281,6,2019,1786,8,4,0,40,0,0,0,0,0,40,NULL,,"Sin aviso",0
282,4,2019,3252,35,4,140,0,0,0,0,0,0,140,2019-09-21,,,1
282,5,2019,3290,38,4,152,0,0,0,0,50,0,202,2019-10-06,"FALTO REUNION 14 SEPT",,1
282,6,2019,3326,36,4,144,40,0,0,0,0,0,184,NULL,,"Sin aviso",0
283,4,2019,1849,10,4,40,0,0,0,0,0,0,40,2019-09-21,,,1
283,5,2019,1859,10,4,40,0,0,0,0,0,0,40,2019-10-06,,,1
283,6,2019,1868,9,4,0,40,0,0,0,0,0,40,NULL,,"Sin aviso",0
284,4,2019,2261,31,4,124,0,0,0,0,0,0,124,2019-09-21,,,1
284,5,2019,2300,39,4,156,0,0,0,0,0,0,156,2019-10-06,,,1
284,6,2019,2328,28,4,112,40,0,0,0,0,0,152,NULL,,"Sin aviso",0
285,4,2019,1396,7,4,0,40,0,0,0,0,0,40,2019-09-21,,,1
285,5,2019,1404,8,4,0,40,0,0,0,50,0,90,2019-10-06,,,1
285,6,2019,1411,7,4,0,40,0,0,0,0,0,40,NULL,,"Sin aviso",0
286,4,2019,2273,14,4,48,0,0,0,0,0,0,48,2019-09-21,,,1
286,5,2019,2285,12,4,48,0,0,0,0,0,0,48,2019-10-06,,,1
286,6,2019,2294,9,4,0,40,0,0,0,0,0,40,NULL,,"Sin aviso",0
287,4,2019,1376,20,4,80,0,0,0,0,0,0,80,2019-09-21,,,1
287,5,2019,1395,19,4,76,0,0,0,0,0,0,76,2019-10-06,,,1
287,6,2019,1413,18,4,72,40,0,0,0,0,0,112,NULL,,"Sin aviso",0
288,4,2019,2537,23,4,92,0,0,0,0,0,0,92,2019-09-21,,,1
288,5,2019,2567,30,4,120,0,0,0,0,50,0,170,2019-10-06,"FALTO REUNION 14 SEPT",,1
288,6,2019,2589,22,4,88,40,0,0,0,0,0,128,NULL,,"Sin aviso",0
289,4,2019,799,8,4,0,40,0,0,0,0,0,40,2019-09-21,,,1
289,5,2019,799,0,4,0,40,0,0,0,0,0,40,NULL,,"Sin aviso",0
289,6,2019,799,0,4,0,40,0,0,0,0,0,40,NULL,,"Sin aviso",0
290,4,2019,567,15,4,60,0,0,0,0,0,0,60,2019-09-21,,,1
290,5,2019,583,16,4,64,0,0,0,0,0,0,64,2019-10-06,,,1
290,6,2019,598,15,4,60,40,0,0,0,0,0,100,NULL,,"Sin aviso",0
291,4,2019,391,11,4,44,0,0,0,0,0,0,44,2019-09-21,,,1
291,5,2019,426,35,4,140,0,0,0,0,0,0,140,2019-10-06,,,1
291,6,2019,444,18,4,72,40,0,0,0,0,0,112,NULL,,"Sin aviso",0
292,4,2019,2618,21,4,84,0,0,0,0,0,0,84,2019-09-21,,,1
292,5,2019,2639,21,4,84,0,0,0,0,0,0,84,2019-10-06,,,1
292,6,2019,2657,18,4,72,40,0,0,0,0,0,112,NULL,,"Sin aviso",0
293,4,2019,3127,13,4,52,0,0,0,0,0,0,52,2019-09-28,,,1
293,5,2019,3148,21,4,84,0,0,0,0,0,0,84,2019-10-06,,,1
293,6,2019,3158,10,4,0,40,0,0,0,0,0,40,NULL,,"Sin aviso",0
294,4,2019,738,16,4,64,0,0,0,0,0,0,64,2019-09-21,,,1
294,5,2019,754,16,4,64,0,0,0,0,0,0,64,2019-10-06,,,1
294,6,2019,767,13,4,52,40,0,0,0,0,0,92,NULL,,"Sin aviso",0
295,4,2019,3600,36,4,144,0,0,0,0,0,0,144,2019-09-28,,,1
295,5,2019,3621,21,4,84,0,0,0,0,0,0,84,2019-10-06,,,1
295,6,2019,3639,18,4,72,40,0,0,0,0,0,112,NULL,,"Sin aviso",0
296,4,2019,2970,25,4,100,0,0,0,0,0,0,100,2019-09-28,,,1
296,5,2019,2993,23,4,92,0,0,0,0,0,0,92,2019-10-06,,,1
296,6,2019,3012,19,4,76,40,0,0,0,0,0,116,NULL,,"Sin aviso",0
297,4,2019,179,0,4,0,40,0,0,0,0,0,40,2019-09-28,,,1
297,5,2019,181,2,4,0,40,0,0,0,50,0,90,2019-10-06,"FALTO REUNION 14 SEPT",,1
297,6,2019,181,0,4,0,40,0,0,0,0,0,40,NULL,,"Sin aviso",0
298,4,2019,2899,7,4,0,40,0,0,0,0,0,40,2019-09-28,,,1
298,5,2019,2909,10,4,40,0,0,0,0,0,0,40,2019-10-06,,,1
298,6,2019,2914,5,4,0,40,0,0,0,0,0,40,NULL,,"Sin aviso",0
299,4,2019,1408,19,4,76,0,0,0,0,0,0,76,2019-09-28,,,1
299,5,2019,1433,25,4,100,0,0,0,0,50,0,150,2019-10-06,"FALTO REUNION 14 SEPT",,1
299,6,2019,1453,20,4,80,40,0,0,0,0,0,120,NULL,,"Sin aviso",0
300,4,2019,1345,27,4,108,0,0,0,0,0,0,108,2019-09-28,,,1
300,5,2019,1366,21,4,84,0,0,0,0,50,0,134,2019-10-06,"FALTO REUNION 14 SEPT",,1
300,6,2019,1379,13,4,52,40,0,0,0,0,0,92,NULL,,"Sin aviso",0
301,4,2019,191,3,4,0,40,0,0,0,0,0,40,2019-09-21,,,1
301,5,2019,195,4,4,0,40,0,0,0,0,0,40,2019-10-06,,,1
301,6,2019,198,3,4,0,40,0,0,0,0,0,40,NULL,,"Sin aviso",0
302,4,2019,3549,28,4,112,0,0,0,0,0,0,112,2019-09-28,,,1
302,5,2019,3586,37,4,148,40,0,0,0,0,0,188,NULL,,"Sin aviso",0
302,6,2019,3620,34,4,136,40,0,0,0,0,0,176,NULL,,"Sin aviso",0
303,4,2019,1066,9,4,0,40,0,0,0,0,0,40,2019-09-21,,,1
303,5,2019,1078,12,4,48,0,0,0,0,0,0,48,2019-10-06,,,1
303,6,2019,1086,8,4,0,40,0,0,0,0,0,40,NULL,,"Sin aviso",0
304,4,2019,2136,8,4,0,40,0,0,0,0,0,40,2019-09-28,,,1
304,5,2019,2148,12,4,48,0,0,0,0,0,0,48,2019-10-06,,,1
304,6,2019,2157,9,4,0,40,0,0,0,0,0,40,NULL,,"Sin aviso",0
305,4,2019,19,5,4,0,40,0,0,0,0,0,40,2019-09-28,,,1
305,5,2019,26,7,4,0,40,0,0,0,0,0,40,2019-10-06,,,1
305,6,2019,32,6,4,0,40,0,0,0,0,0,40,NULL,,"Sin aviso",0
306,4,2019,1911,13,4,52,0,50,0,0,0,0,102,2019-09-28,"pago recibo atrasado",,1
306,5,2019,1927,16,4,64,0,0,0,0,0,0,64,2019-10-06,,,1
306,6,2019,1941,14,4,56,40,0,0,0,0,0,96,NULL,,"Sin aviso",0
307,4,2019,1681,17,4,68,0,50,0,0,0,0,118,2019-09-28,"pago recibo atrasado",,1
307,5,2019,1698,17,4,68,40,0,0,0,0,0,108,NULL,,"Sin aviso",0
307,6,2019,1711,13,4,52,40,0,0,0,0,0,92,NULL,,"Sin aviso",0
308,4,2019,429,1,4,0,40,0,0,0,0,0,40,2019-09-28,,,1
308,5,2019,434,5,4,0,40,0,0,0,0,0,40,2019-10-06,,,1
308,6,2019,438,4,4,0,40,0,0,0,0,0,40,NULL,,"Sin aviso",0
309,4,2019,434,15,4,60,0,0,0,0,0,0,60,2019-09-28,,,1
309,5,2019,452,18,4,72,0,0,0,0,0,0,72,2019-10-06,,,1
309,6,2019,464,12,4,48,40,0,0,0,0,0,88,NULL,,"Sin aviso",0
310,4,2019,3745,32,4,128,0,0,0,0,0,0,128,2019-09-21,,,1
310,5,2019,3788,43,4,172,0,0,0,0,0,0,172,2019-10-06,,,1
310,6,2019,3822,34,4,136,40,0,0,0,0,0,176,NULL,,"Sin aviso",0
311,4,2019,4469,13,4,52,0,0,0,0,0,0,52,2019-09-21,,,1
311,5,2019,4483,14,4,56,0,0,0,0,0,0,56,2019-10-06,,,1
311,6,2019,4496,13,4,52,40,0,0,0,0,0,92,NULL,,"Sin aviso",0
312,4,2019,5095,35,4,140,0,0,0,0,0,0,140,2019-09-21,,,1
312,5,2019,5134,39,4,156,0,0,0,0,0,0,156,2019-10-06,,,1
312,6,2019,5164,30,4,120,40,0,0,0,0,0,160,NULL,,"Sin aviso",0
313,4,2019,4363,57,4,228,0,0,0,0,0,0,228,2019-09-21,,,1
313,5,2019,4412,49,4,196,0,0,0,0,0,0,196,2019-10-06,,,1
313,6,2019,4446,34,4,136,40,0,0,0,0,0,176,NULL,,"Sin aviso",0
314,4,2019,383,20,4,80,0,50,0,0,0,0,130,2019-09-28,"pago recibo atrasado",,1
314,5,2019,413,30,4,120,0,0,0,0,0,0,120,2019-10-06,,,1
314,6,2019,432,19,4,76,40,0,0,0,0,0,116,NULL,,"Sin aviso",0
315,4,2019,62,20,4,80,0,0,0,0,0,0,80,2019-09-28,,,1
315,5,2019,80,18,4,72,0,0,0,0,0,0,72,2019-10-06,,,1
315,6,2019,94,14,4,56,40,0,0,0,0,0,96,NULL,,"Sin aviso",0
316,4,2019,886,16,4,64,0,0,0,0,0,0,64,2019-09-21,,,1
316,5,2019,905,19,4,76,0,0,0,0,0,0,76,2019-10-06,,,1
316,6,2019,920,15,4,60,40,0,0,0,0,0,100,NULL,,"Sin aviso",0
317,4,2019,26,26,4,104,0,0,0,0,0,0,104,2019-09-21,,,1
317,5,2019,69,43,4,172,0,0,0,0,0,0,172,2019-10-06,,,1
317,6,2019,99,30,4,120,40,0,0,0,0,0,160,NULL,,"Sin aviso",0
318,4,2019,246,15,4,60,0,0,0,0,0,0,60,2019-09-21,,,1
318,5,2019,269,23,4,92,0,0,0,0,0,0,92,2019-10-06,,,1
318,6,2019,291,22,4,88,40,0,0,0,0,0,128,NULL,,"Sin aviso",0
319,4,2019,639,13,4,52,0,0,0,0,0,0,52,2019-09-28,,,1
319,5,2019,652,13,4,52,0,0,0,0,0,0,52,2019-10-06,,,1
319,6,2019,664,12,4,48,40,0,0,0,0,0,88,2019-11-16,,"Sin aviso",1
320,4,2019,212,0,4,0,40,50,0,0,0,0,90,2019-09-28,"pago recibo atrasado",,1
320,5,2019,212,0,4,0,40,0,0,0,0,0,40,2019-10-06,,,1
320,6,2019,212,0,4,0,40,0,0,0,0,0,40,NULL,,"Sin aviso",0
321,4,2019,1503,21,4,84,0,50,0,0,0,0,134,2019-09-28,"pago recibo atrasado",,1
321,5,2019,1530,27,4,108,0,0,0,0,50,0,158,2019-10-06,"FALTO REUNION 14 SEPT",,1
321,6,2019,1552,22,4,88,40,0,0,0,0,0,128,NULL,,"Sin aviso",0
322,4,2019,2000,17,4,68,0,0,0,0,0,0,68,2019-09-28,,,1
322,5,2019,2023,23,4,92,0,0,0,0,0,0,92,2019-10-06,,,1
322,6,2019,2041,18,4,72,40,0,0,0,0,0,112,NULL,,"Sin aviso",0
323,4,2019,3910,26,4,104,0,0,0,0,0,0,104,2019-09-28,,,1
323,5,2019,3943,33,4,132,0,0,0,0,0,0,132,2019-10-06,,,1
323,6,2019,3967,24,4,96,40,0,0,0,0,0,136,NULL,,"Sin aviso",0
324,4,2019,4147,7,4,0,0,0,0,0,0,0,0,2019-09-28,,,0
324,5,2019,4154,7,4,0,40,0,0,0,0,0,40,2019-10-06,,,1
324,6,2019,4161,7,4,0,40,0,0,0,0,0,40,NULL,,"Sin aviso",0
325,4,2019,1902,19,4,76,0,0,0,0,0,0,76,2019-09-21,,,1
325,5,2019,1926,24,4,96,0,0,0,0,0,0,96,2019-10-06,,,1
325,6,2019,1936,10,4,0,40,0,0,0,0,0,40,NULL,,"Sin aviso",0
326,4,2019,76,2,4,0,0,0,0,0,0,0,0,2019-11-11,,,1
326,5,2019,76,0,4,0,0,0,0,0,0,0,0,NULL,,"Sin aviso",1
326,6,2019,76,0,4,0,0,0,0,0,0,0,0,NULL,,"Sin aviso",1
327,4,2019,4651,23,4,92,0,0,0,0,0,0,92,2019-09-28,,,1
327,5,2019,4680,29,4,116,0,0,0,0,0,0,116,2019-10-06,,,1
327,6,2019,4698,18,4,72,0,0,0,0,0,0,72,NULL,,"Sin aviso",0
328,4,2019,3835,15,4,60,0,0,0,0,0,0,60,2019-09-21,,,1
328,5,2019,3858,23,4,92,0,0,0,0,0,0,92,2019-10-06,,,1
328,6,2019,3871,13,4,52,0,0,0,0,0,0,52,NULL,,"Sin aviso",0
329,4,2019,1189,8,4,0,40,0,0,0,0,0,40,2019-09-28,,,1
329,5,2019,1197,8,4,0,40,0,0,0,0,0,40,2019-10-06,,,1
329,6,2019,1203,6,4,0,40,0,0,0,0,0,40,NULL,,"Sin aviso",0
330,4,2019,1489,5,4,0,0,0,0,0,0,0,0,2019-11-11,,,1
330,5,2019,1497,8,4,0,40,0,0,0,0,0,40,2019-11-16,,"Sin aviso",1
330,6,2019,1499,2,4,0,40,0,0,0,0,0,40,NULL,,"Sin aviso",0
331,4,2019,2072,13,4,52,0,0,0,0,0,0,52,2019-09-21,,,1
331,5,2019,2087,15,4,60,0,0,0,0,0,0,60,2019-10-06,,,1
331,6,2019,2099,12,4,48,40,0,0,0,0,0,88,NULL,,"Sin aviso",0
332,4,2019,749,6,4,0,40,0,0,0,0,0,40,2019-09-21,,,1
332,5,2019,749,0,4,0,40,0,0,0,50,0,90,2019-10-06,"FALTO REUNION 14 SEPT",,1
332,6,2019,755,6,4,0,40,0,0,0,0,0,40,NULL,,"Sin aviso",0
333,4,2019,344,12,4,48,0,50,0,0,0,0,98,2019-09-28,"pago recibo atrasado",,1
333,5,2019,357,13,4,52,0,0,0,0,0,0,52,2019-10-06,,,1
333,6,2019,370,13,4,52,40,0,0,0,0,0,92,NULL,,"Sin aviso",0
334,4,2019,128,21,4,84,0,0,0,0,0,0,84,2019-09-21,,,1
334,5,2019,155,27,4,108,0,0,0,0,0,0,108,2019-10-06,,,1
334,6,2019,184,29,4,116,40,0,0,0,0,0,156,NULL,,"Sin aviso",0
335,4,2019,2959,15,4,60,0,0,0,0,0,0,60,2019-09-21,,,1
335,5,2019,2983,24,4,96,0,0,0,0,0,0,96,2019-10-06,,,1
335,6,2019,3001,18,4,72,40,0,0,0,0,0,112,NULL,,"Sin aviso",0
336,4,2019,4765,11,4,44,0,0,0,0,0,0,44,2019-09-28,,,1
336,5,2019,4777,12,4,48,0,0,0,0,50,0,98,2019-10-06,"FALTO REUNION 14 SEPT",,1
336,6,2019,4786,9,4,0,40,0,0,0,0,0,40,NULL,,"Sin aviso",0
337,4,2019,26,9,4,0,40,0,0,0,0,0,40,2019-09-28,,,1
337,5,2019,39,13,4,52,0,0,0,0,0,0,52,2019-10-06,,,1
337,6,2019,47,8,4,0,40,0,0,0,0,0,40,NULL,,"Sin aviso",0
338,4,2019,963,9,4,0,40,0,0,0,0,0,40,2019-09-21,,,1
338,5,2019,981,18,4,72,0,0,0,0,0,0,72,2019-10-06,,,1
338,6,2019,982,1,4,0,40,0,0,0,0,0,40,NULL,,"Sin aviso",0
339,4,2019,833,25,4,100,0,50,0,0,0,0,150,2019-09-28,"pago recibo atrasado",,1
339,5,2019,862,29,4,116,0,0,0,0,0,0,116,2019-10-06,,,1
339,6,2019,879,17,4,68,40,0,0,0,0,0,108,NULL,,"Sin aviso",0
340,4,2019,290,7,4,0,40,0,0,0,0,0,40,2019-09-21,,,1
